,bundestag_id,nachname,vorname,wp,fraktion,full_name,twitter_handle,account_type,activity
0,11005000,Abdi,Sanae,20,SPD,Sanae Abdi,_sanaeabdi,person,1.0
1,11005001,Abel,Valentin,20,FDP,Valentin Abel,Valentin_C_Abel,person,1.0
2,11005002,Abraham,Knut,20,CDU,Knut Abraham,Knut_Abraham,person,1.0
3,11005003,Adler,Katja,20,FDP,Katja Adler,katjadler,person,1.0
4,11005004,Aeffner,Stephanie,20,Gruene,Stephanie Aeffner,s_aeffner,person,1.0
6,11004653,Akbulut,Gökay,20,Linke,Gökay Akbulut,AkbulutGokay,person,1.0
7,11005007,Al-Dailami,Ali,20,Linke,Ali Al-Dailami,ali_aldailami,person,1.0
8,11005008,Al-Halak,Muhanad,20,FDP,Muhanad Al-Halak,HalakMuhanad,person,1.0
9,11005006,Alabali-Radovan,Reem,20,SPD,Reem Alabali-Radovan,ReemAlabali,person,1.0
10,11004241,Albani,Stephan,20,CDU,Stephan Albani,Stephan_Alban,person,0.0
11,11004654,Alt,Renata,20,FDP,Renata Alt,RenataAlt_MdB,person,1.0
12,11004655,Altenkamp,Norbert Maria,20,CDU,Norbert Maria Altenkamp,NAltenkamp,person,0.0
13,11004656,Amthor,Philipp,20,CDU,Philipp Amthor,Philipp_Amthor,person,1.0
15,11005009,Andres,Dagmar,20,SPD,Dagmar Andres,DagmarAndres,person,1.0
16,11003732,Annen,Niels,20,SPD,Niels Annen,NielsAnnen,person,1.0
17,11005010,Arlt,Johannes,20,SPD,Johannes Arlt,arlt_johannes,person,1.0
18,11004003,Aschenberg-Dugnus,Christine,20,FDP,Christine Aschenberg-Dugnus,cad59,person,1.0
19,11005011,Audretsch,Andreas,20,Gruene,Andreas Audretsch,AnAudretsch,person,1.0
21,11004004,Aumer,Peter,20,CDU,Peter Aumer,PeterAumer,person,1.0
22,11005012,Außendorf,Maik,20,Gruene,Maik Außendorf,maik_aussendorf,person,1.0
23,11005013,Bacherle,Tobias,20,Gruene,Tobias Bacherle,TBBacherle,person,1.0
25,11004659,Badum,Lisa,20,Gruene,Lisa Badum,badulrichmartha,person,1.0
27,11004245,Baerbock,Annalena,20,Gruene,Annalena Baerbock,ABaerbock,person,1.0
28,11004246,Bahr,Ulrike,20,SPD,Ulrike Bahr,MdB_Ulrike_Bahr,person,1.0
29,11005015,Baldy,Daniel,20,SPD,Daniel Baldy,baldy_daniel,person,1.0
30,11005016,Banaszak,Felix,20,Gruene,Felix Banaszak,fbanaszak,person,1.0
31,11003586,Bär,Dorothee,20,CDU,Dorothee Bär,DoroBaer,person,1.0
32,11005017,Bär,Karl,20,Gruene,Karl Bär,karlbaer,person,1.0
33,11004947,Baradari,Nezahat,20,SPD,Nezahat Baradari,NBaradari,person,0.0
34,11003734,Bareiß,Thomas,20,CDU,Thomas Bareiß,Thomas_Bareiss,person,1.0
35,11003496,Bartol,Sören,20,SPD,Sören Bartol,soerenbartol,person,0.0
36,11003034,Bartsch,Dietmar,20,Linke,Dietmar Bartsch,DietmarBartsch,person,1.0
37,11004006,Bas,Bärbel,20,SPD,Bärbel Bas,baerbelbas,person,1.0
38,11004661,Bauer,Nicole,20,FDP,Nicole Bauer,nicole_ae_bauer,person,1.0
39,11005018,Baum,Christina,20,AFD,Christina Baum,DrChristinaBaum,person,1.0
40,11004662,Baumann,Bernd,20,AFD,Bernd Baumann,BerndBaumannAfD,person,1.0
41,11004665,Bayram,Canan,20,Gruene,Canan Bayram,LieblingXhain,person,1.0
42,11005019,Beck,Katharina,20,Gruene,Katharina Beck,kathabeck,person,1.0
43,11005020,Beckamp,Roger,20,AFD,Roger Beckamp,RogerBeckamp,person,1.0
44,11005021,Becker,Holger,20,SPD,Holger Becker,Holger_SciTec,person,0.0
45,11004666,Beeck,Jens,20,FDP,Jens Beeck,jensbeeck,person,1.0
46,11005022,Benner,Lukas,20,Gruene,Lukas Benner,LukasBenner_,person,1.0
49,11005024,Bergt,Bengt,20,SPD,Bengt Bergt,BengtBergt,person,1.0
50,11004669,Bernhard,Marc,20,AFD,Marc Bernhard,MarcBernhardAfD,person,1.0
51,11004010,Beyer,Peter,20,CDU,Peter Beyer,Peter_Beyer,person,1.0
52,11004673,Biadacz,Marc,20,CDU,Marc Biadacz,MBiadaczMdB,person,1.0
53,11004011,Bilger,Steffen,20,CDU,Steffen Bilger,SteffenBilger,person,1.0
54,11004012,Birkwald,Matthias W.,20,Linke,Matthias W. Birkwald,MWBirkwald,person,1.0
55,11005025,Blankenburg,Jakob,20,SPD,Jakob Blankenburg,JakobBla,person,1.0
56,11004674,Bleck,Andreas,20,AFD,Andreas Bleck,andreasbleckmdb,person,1.0
58,11005027,Bodtke,Ingo,20,FDP,Ingo Bodtke,IngoBodtke,person,1.0
59,11004675,Boehringer,Peter,20,AFD,Peter Boehringer,PeterBoehringer,person,1.0
60,11005028,Boginski,Friedhelm,20,FDP,Friedhelm Boginski,f_boginski,person,1.0
64,11004676,Brandenburg,Jens,20,FDP,Jens Brandenburg,JBrandenburgFDP,person,1.0
65,11004677,Brandenburg,Mario,20,FDP,Mario Brandenburg,BraFDP,person,1.0
67,11004018,Brandl,Reinhard,20,CDU,Reinhard Brandl,reinhardbrandl,person,1.0
68,11004678,Brandner,Stephan,20,AFD,Stephan Brandner,StBrandner,person,1.0
69,11004255,Brantner,Franziska,20,Gruene,Franziska Brantner,fbrantner,person,1.0
70,11003510,Braun,Helge,20,CDU,Helge Braun,HBraun,person,1.0
71,11004680,Braun,Jürgen,20,AFD,Jürgen Braun,JuergenBraunAfD,person,1.0
72,11004681,Breher,Silvia,20,CDU,Silvia Breher,BreherSilvia,person,1.0
73,11004682,Brehm,Sebastian,20,CDU,Sebastian Brehm,Brehm_inNBGNord,person,1.0
74,11004019,Brehmer,Heike,20,CDU,Heike Brehmer,HeikeBrehmerMdB,person,1.0
75,11005032,Breilmann,Michael,20,CDU,Michael Breilmann,m_breilmann,person,1.0
76,11004683,Breymaier,Leni,20,SPD,Leni Breymaier,LeniBreymaier,person,1.0
77,11004021,Brinkhaus,Ralph,20,CDU,Ralph Brinkhaus,rbrinkhaus,person,1.0
79,11005033,Bröhr,Marlon,20,CDU,Marlon Bröhr,therealmarlonb1,person,1.0
80,11004106,Brugger,Agnieszka,20,Gruene,Agnieszka Brugger,cagnieszka_mdb,person,1.0
81,11005034,Bsirske,Frank,20,Gruene,Frank Bsirske,cFBsirske,person,1.0
82,11004956,Bubendorfer-Licht,Sandra,20,FDP,Sandra Bubendorfer-Licht,Bubendorferfdp,person,1.0
84,11004687,Bühl,Marcus,20,AFD,Marcus Bühl,Marcus_Buehl,person,1.0
85,11005289,Bünger,Clara,20,Linke,Clara Bünger,C_AB_,person,1.0
86,11005035,Bury,Yannick,20,CDU,Yannick Bury,YannickBury,person,1.0
87,11004023,Buschmann,Marco,20,FDP,Marco Buschmann,MarcoBuschmann,person,1.0
88,11004690,Busen,Karlheinz,20,FDP,Karlheinz Busen,busen_mdb,person,1.0
89,11004692,Bystron,Petr,20,AFD,Petr Bystron,PetrBystronAfD,person,1.0
90,11005036,Cademartori Dujisin,Isabel,20,SPD,Isabel Cademartori Dujisin,isacademartori,person,1.0
91,11004257,Castellucci,Lars,20,SPD,Lars Castellucci,larscastellucci,person,1.0
92,11004694,Christmann,Anna,20,Gruene,Anna Christmann,annachristmann,person,1.0
93,11004695,Chrupalla,Tino,20,AFD,Tino Chrupalla,Tino_Chrupalla,person,1.0
94,11003514,Connemann,Gitta,20,CDU,Gitta Connemann,gitta_connemann,person,1.0
95,11004639,Coße,Jürgen,20,SPD,Jürgen Coße,juergencosse,person,1.0
96,11004696,Cotar,Joana,20,AFD,Joana Cotar,JoanaCotar,person,1.0
97,11004697,Cronenberg,Carl-Julius,20,FDP,Carl-Julius Cronenberg,cjcronenberg,person,1.0
98,11004698,Curio,Gottfried,20,AFD,Gottfried Curio,GottfriedCurio,person,1.0
99,11005037,Czaja,Mario,20,CDU,Mario Czaja,MarioCzaja,person,1.0
100,11003746,Dağdelen,Sevim,20,Linke,Sevim Dağdelen,SevimDagdelen,person,1.0
101,11004962,Dahmen,Janosch,20,Gruene,Janosch Dahmen,janoschdahmen,person,1.0
102,11004258,Daldrup,Bernhard,20,SPD,Bernhard Daldrup,BernhardDaldrup,person,1.0
104,11003068,Deligöz,Ekin,20,Gruene,Ekin Deligöz,ekindeligoez,person,1.0
105,11005038,Demir,Hakan,20,SPD,Hakan Demir,HakanDemirNK,person,1.0
106,11005039,Detzer,Sandra,20,Gruene,Sandra Detzer,detzer_sandra,person,1.0
107,11004259,Diaby,Karamba,20,SPD,Karamba Diaby,KarambaDiaby,person,1.0
108,11005040,Diedenhofen,Martin,20,SPD,Martin Diedenhofen,MDiedenhofen,person,1.0
109,11005041,Dieren,Jan,20,SPD,Jan Dieren,JanUlrichDieren,person,1.0
110,11005042,Dietz,Thomas,20,AFD,Thomas Dietz,ThomasDietz_MdB,person,1.0
112,11004261,Dittmar,Sabine,20,SPD,Sabine Dittmar,dittmarsabine,person,1.0
113,11004029,Djir-Sarai,Bijan,20,FDP,Bijan Djir-Sarai,DjirSarai,person,1.0
115,11004703,Domscheit-Berg,Anke,20,Linke,Anke Domscheit-Berg,anked,person,1.0
118,11004263,Dröge,Katharina,20,Gruene,Katharina Dröge,katdro,person,1.0
120,11005045,Düring,Deborah,20,Gruene,Deborah Düring,DeborahDuering,person,1.0
121,11004705,Dürr,Christian,20,FDP,Christian Dürr,christianduerr,person,1.0
122,11004264,Durz,Hansjörg,20,CDU,Hansjörg Durz,Hansjoerg_Durz,person,1.0
123,11004215,Ebner,Harald,20,Gruene,Harald Ebner,ebner_sha,person,1.0
125,11005047,Eckert,Leon,20,Gruene,Leon Eckert,Leckert_,person,1.0
127,11004707,Ehrhorn,Thomas,20,AFD,Thomas Ehrhorn,Thomas_Ehrhorn,person,1.0
128,11005049,Eichwede,Sonja,20,SPD,Sonja Eichwede,sonjaeichwede,person,1.0
129,11004969,Emmerich,Marcel,20,Gruene,Marcel Emmerich,herr_emmerich,person,1.0
131,11005051,Engelhardt,Heike,20,SPD,Heike Engelhardt,HERavensburg,person,1.0
132,11005052,Englhardt-Kopf,Martina,20,CDU,Martina Englhardt-Kopf,EnglhardtKopf,person,0.0
133,11004709,Erndl,Thomas,20,CDU,Thomas Erndl,TErndl,person,1.0
134,11003753,Ernst,Klaus,20,Linke,Klaus Ernst,ernst_klaus,person,1.0
135,11004710,Esdar,Wiebke,20,SPD,Wiebke Esdar,wiebkeesdar1,person,1.0
136,11004267,Esken,Saskia,20,SPD,Saskia Esken,EskenSaskia,person,1.0
137,11004711,Espendiller,Michael,20,AFD,Michael Espendiller,DrMEspendiller,person,1.0
138,11004712,Faber,Marcus,20,FDP,Marcus Faber,MarcusFaber,person,1.0
139,11004713,Fahimi,Yasmin,20,SPD,Yasmin Fahimi,FahimiYasmin,person,1.0
141,11005053,Farle,Robert,20,AFD,Robert Farle,robert_farle,person,1.0
142,11005054,Fäscher,Ariane,20,SPD,Ariane Fäscher,ArianeFaescher,person,1.0
143,11004270,Fechner,Johannes,20,SPD,Johannes Fechner,FechnerJohannes,person,0.0
144,11004271,Feiler,Uwe,20,CDU,Uwe Feiler,UweFe,person,0.0
145,11004714,Felser,Peter,20,AFD,Peter Felser,PeterFelser,person,1.0
147,11004715,Ferschl,Susanne,20,Linke,Susanne Ferschl,SusanneFerschl,person,1.0
148,11005055,Fester,Emilia,20,Gruene,Emilia Fester,emiliafester,person,1.0
149,11005056,Fiedler,Sebastian,20,SPD,Sebastian Fiedler,fiedelseb,person,1.0
150,11004716,Föst,Daniel,20,FDP,Daniel Föst,DFoest,person,1.0
151,11004033,Franke,Edgar,20,SPD,Edgar Franke,FrankeEdgar,person,1.0
152,11004276,Frei,Thorsten,20,CDU,Thorsten Frei,thorsten_frei,person,1.0
153,11003530,Fricke,Otto,20,FDP,Otto Fricke,Otto_Fricke,person,1.0
154,11004719,Friedhoff,Dietmar,20,AFD,Dietmar Friedhoff,dietmarfriedho1,person,1.0
155,11003124,Friedrich,Hans-Peter,20,CDU,Hans-Peter Friedrich,HPFriedrichCSU,person,1.0
156,11004034,Frieser,Michael,20,CDU,Michael Frieser,MichaelFrieser,person,1.0
157,11004721,Frohnmaier,Markus,20,AFD,Markus Frohnmaier,Frohnmaier_AfD,person,1.0
158,11004722,Frömming,Götz,20,AFD,Götz Frömming,GtzFrmming,person,1.0
159,11005057,Funke,Fabian,20,SPD,Fabian Funke,funke_fabian,person,1.0
160,11005058,Funke-Kaiser,Maximilian,20,FDP,Maximilian Funke-Kaiser,max_fksr,person,1.0
161,11004036,Gädechens,Ingo,20,CDU,Ingo Gädechens,gadechens,person,1.0
162,11005059,Gambir,Schahina,20,Gruene,Schahina Gambir,schahinag,person,0.0
163,11005060,Ganserer,Tessa,20,Gruene,Tessa Ganserer,GansGruen,person,1.0
164,11005061,Gassner-Herz,Martin,20,FDP,Martin Gassner-Herz,MartinGassner,person,1.0
165,11004278,Gastel,Matthias,20,Gruene,Matthias Gastel,MatthiasGastel,person,0.0
166,11004724,Gauland,Alexander,20,AFD,Alexander Gauland,AlexGauland,person,0.0
168,11004038,Gebhart,Thomas,20,CDU,Thomas Gebhart,thomasgebhart,person,1.0
169,11003756,Gehring,Kai,20,Gruene,Kai Gehring,KaiGehring,person,1.0
170,11005063,Geissler,Jonas,20,CDU,Jonas Geissler,GeisslerJonas,person,1.0
171,11004726,Gelbhaar,Stefan,20,Gruene,Stefan Gelbhaar,StefanGelbhaar,person,1.0
172,11004039,Gerdes,Michael,20,SPD,Michael Gerdes,GerdesMdB,person,0.0
173,11005064,Gerschau,Knut,20,FDP,Knut Gerschau,Knut_Abraham,person,1.0
175,11005065,Gesenhues,Jan-Niclas,20,Gruene,Jan-Niclas Gesenhues,JN_Gesenhues,person,1.0
176,11004727,Glaser,Albrecht,20,AFD,Albrecht Glaser,GlaserMdb,person,1.0
177,11004614,Glöckner,Angelika,20,SPD,Angelika Glöckner,A_Gloeckner,person,1.0
178,11005066,Gnauck,Hannes,20,AFD,Hannes Gnauck,Hannes_Gnauck,person,1.0
179,11004041,Gohlke,Nicole,20,Linke,Nicole Gohlke,NicoleGohlke,person,1.0
180,11003132,Göring-Eckardt,Katrin,20,Gruene,Katrin Göring-Eckardt,GoeringEckardt,person,1.0
181,11005067,Görke,Christian,20,Linke,Christian Görke,goerke_c,person,1.0
182,11004731,Gottschalk,Kay,20,AFD,Kay Gottschalk,KayGottschalk1,person,0.0
183,11005068,Gramling,Fabian,20,CDU,Fabian Gramling,FabianGramling,person,1.0
184,11005069,Gräßle,Ingeborg,20,CDU,Ingeborg Gräßle,inge_graessle,person,1.0
185,11005070,Grau,Armin,20,Gruene,Armin Grau,ArminGrau,person,1.0
186,11004732,Gremmels,Timon,20,SPD,Timon Gremmels,Timon_Gremmels,person,1.0
187,11003440,Griese,Kerstin,20,SPD,Kerstin Griese,KerstinGriese,person,1.0
188,11002666,Gröhe,Hermann,20,CDU,Hermann Gröhe,groehe,person,1.0
189,11003541,Grosse-Brömer,Michael,20,CDU,Michael Grosse-Brömer,MGrosseBroemer,person,1.0
190,11004282,Grötsch,Uli,20,SPD,Uli Grötsch,UliGroetsch,person,1.0
191,11003542,Grübel,Markus,20,CDU,Markus Grübel,GruebelMdb,person,1.0
193,11004733,Grundl,Erhard,20,Gruene,Erhard Grundl,Erhard_Grundl,person,1.0
196,11005071,Grützmacher,Sabine,20,Gruene,Sabine Grützmacher,S_Gruetzmacher,person,1.0
197,11005072,Güler,Serap,20,CDU,Serap Güler,SerapGueler,person,1.0
198,11004285,Güntzler,Fritz,20,CDU,Fritz Güntzler,FGuentzler,person,1.0
199,11005073,Gürpinar,Ates,20,Linke,Ates Gürpinar,AtesGuerpinar,person,1.0
200,11003544,Gutting,Olav,20,CDU,Olav Gutting,olavgutting,person,1.0
201,11000756,Gysi,Gregor,20,Linke,Gregor Gysi,GregorGysi,person,1.0
202,11004286,Haase,Christian,20,CDU,Christian Haase,ChristianHaase6,person,1.0
204,11004734,Hacker,Thomas,20,FDP,Thomas Hacker,hacker_fdp,person,1.0
206,11004287,Hagl-Kehl,Rita,20,SPD,Rita Hagl-Kehl,RitaHaglKehl,person,1.0
207,11004048,Hahn,Florian,20,CDU,Florian Hahn,hahnflo,person,1.0
209,11004289,Hakverdi,Metin,20,SPD,Metin Hakverdi,MetinHakverdi,person,1.0
211,11004736,Harder-Kühnel,Mariana Iris,20,AFD,Mariana Iris Harder-Kühnel,M_HarderKuehnel,person,1.0
212,11004050,Hardt,Jürgen,20,CDU,Jürgen Hardt,juergenhardt,person,1.0
213,11005075,Hartewig,Philipp,20,FDP,Philipp Hartewig,philipphartewig,person,1.0
214,11004291,Hartmann,Sebastian,20,SPD,Sebastian Hartmann,sebast_hartmann,person,1.0
215,11005076,Harzer,Ulrike,20,FDP,Ulrike Harzer,HarzerUlrike,person,1.0
216,11003764,Haßelmann,Britta,20,Gruene,Britta Haßelmann,BriHasselmann,person,1.0
217,11004292,Hauer,Matthias,20,CDU,Matthias Hauer,MatthiasHauer,person,1.0
218,11004739,Haug,Jochen,20,AFD,Jochen Haug,Jochen_Haug,person,1.0
219,11004294,Heck,Stefan,20,CDU,Stefan Heck,StHeck,person,1.0
221,11004948,Heidt,Peter,20,FDP,Peter Heidt,PeterHeidtFDP,person,1.0
222,11003142,Heil,Hubertus,20,SPD,Hubertus Heil,hubertus_heil,person,1.0
223,11004052,Heil,Mechthild,20,CDU,Mechthild Heil,MechthildHeil,person,1.0
224,11005077,Heiligenstadt,Frauke,20,SPD,Frauke Heiligenstadt,FHeiligenstadt,person,1.0
225,11004741,Heilmann,Thomas,20,CDU,Thomas Heilmann,ThomasHeilmann,person,1.0
226,11004296,Heinrich,Gabriela,20,SPD,Gabriela Heinrich,GaHeinrich,person,1.0
227,11005078,Heitmann,Linda,20,Gruene,Linda Heitmann,linda_lobster,person,1.0
228,11005079,Helferich,Matthias,20,Fraktionslos,Matthias Helferich,MatthiasMdb,person,1.0
230,11004742,Helling-Plahr,Katrin,20,FDP,Katrin Helling-Plahr,KatrinHelling,person,1.0
231,11004226,Hellmich,Wolfgang,20,SPD,Wolfgang Hellmich,HellmichMdB,person,1.0
232,11005080,Henneberger,Kathrin,20,Gruene,Kathrin Henneberger,KathrinAnna,person,1.0
233,11005081,Hennig,Anke,20,SPD,Anke Hennig,AnkeHennigSPD,person,1.0
234,11005082,Hennig-Wellsow,Susanne,20,Linke,Susanne Hennig-Wellsow,SusanneHennig,person,1.0
235,11003551,Hennrich,Michael,20,CDU,Michael Hennrich,MichaelHennric2,person,0.0
236,11004744,Henrichmann,Marc,20,CDU,Marc Henrichmann,MarcHenrichmann,person,1.0
237,11004745,Herbrand,Markus,20,FDP,Markus Herbrand,HerbrandMarkus,person,1.0
238,11004746,Herbst,Torsten,20,FDP,Torsten Herbst,torstenherbst,person,1.0
239,11005083,Herrmann,Bernhard,20,Gruene,Bernhard Herrmann,BHerrmann_,person,1.0
240,11005084,Heselhaus,Nadine,20,SPD,Nadine Heselhaus,NHeselhaus,person,1.0
241,11004749,Hess,Martin,20,AFD,Martin Hess,Martin_Hess_AfD,person,1.0
242,11004750,Hessel,Katja,20,FDP,Katja Hessel,fdp_hessel,person,1.0
244,11005085,Hierl,Susanne,20,CDU,Susanne Hierl,HierlSusanne,person,1.0
245,11004752,Hilse,Karsten,20,AFD,Karsten Hilse,HilseMdb,person,1.0
246,11003890,Hirte,Christian,20,CDU,Christian Hirte,ChristianHirte,person,1.0
247,11004303,Hitschler,Thomas,20,SPD,Thomas Hitschler,ThomasHitschler,person,1.0
248,11004753,Höchst,Nicole,20,AFD,Nicole Höchst,Nicole_Hoechst,person,1.0
249,11004754,Hocker,Gero Clemens,20,FDP,Gero Clemens Hocker,GeroHocker,person,1.0
250,11004057,Höferlin,Manuel,20,FDP,Manuel Höferlin,ManuelHoeferlin,person,1.0
251,11004304,Hoffmann,Alexander,20,CDU,Alexander Hoffmann,Hoffmann_MdB,person,1.0
252,11004756,Hoffmann,Bettina,20,Gruene,Bettina Hoffmann,bhoffmann_mdb,person,1.0
253,11004757,Hoffmann,Christoph,20,FDP,Christoph Hoffmann,HoffmannForest,person,1.0
254,11003772,Hofreiter,Anton,20,Gruene,Anton Hofreiter,ToniHofreiter,person,0.0
255,11004761,Holm,Leif-Erik,20,AFD,Leif-Erik Holm,Leif_Erik_Holm,person,1.0
256,11005086,Hönel,Bruno,20,Gruene,Bruno Hönel,Bruno_Hoenel,person,1.0
258,11005087,Hoppermann,Franziska,20,CDU,Franziska Hoppermann,FHoppermann,person,1.0
259,11005088,Hostert,Jasmina,20,SPD,Jasmina Hostert,JasminaHoster,person,1.0
260,11004763,Houben,Reinhard,20,FDP,Reinhard Houben,HoubenReinhard,person,1.0
261,11004764,Huber,Johannes,20,AFD,Johannes Huber,Huber_AfD,person,0.0
262,11005089,Hubertz,Verena,20,SPD,Verena Hubertz,verenahubertz,person,1.0
263,11005090,Hümpfer,Markus,20,SPD,Markus Hümpfer,HumpferMarkus,person,0.0
264,11004060,Hunko,Andrej,20,Linke,Andrej Hunko,AndrejHunko,person,1.0
265,11000975,Hüppe,Hubert,20,CDU,Hubert Hüppe,HueppeMdB,person,1.0
266,11005091,Huy,Gerrit,20,AFD,Gerrit Huy,GerritHuy,person,1.0
267,11004667,In der Beek,Olaf,20,FDP,Olaf In der Beek,olafinderbeek,person,1.0
270,11004312,Janecek,Dieter,20,Gruene,Dieter Janecek,DJanecek,person,1.0
273,11004061,Jarzombek,Thomas,20,CDU,Thomas Jarzombek,tj_tweets,person,1.0
274,11004941,Jensen,Gyde,20,FDP,Gyde Jensen,GydeJ,person,1.0
275,11004768,Jongen,Marc,20,AFD,Marc Jongen,Marc_Jongen,person,1.0
277,11004770,Jung,Ingmar,20,CDU,Ingmar Jung,Ingmar_Jung,person,1.0
278,11004317,Junge,Frank,20,SPD,Frank Junge,jungeinberlin,person,1.0
279,11003782,Juratovic,Josip,20,SPD,Josip Juratovic,josip_juratovic,person,1.0
280,11005094,Jurisch,Ann-Veruschka,20,FDP,Ann-Veruschka Jurisch,avjurisch,person,1.0
281,11004063,Kaczmarek,Oliver,20,SPD,Oliver Kaczmarek,KaczmarekOliver,person,1.0
282,11005095,Kaddor,Lamya,20,Gruene,Lamya Kaddor,LamyaKaddor,person,1.0
283,11004771,Kaiser,Elisabeth,20,SPD,Elisabeth Kaiser,Kaiser_SPD,person,1.0
284,11004773,Kappert-Gonther,Kirsten,20,Gruene,Kirsten Kappert-Gonther,KirstenKappert,person,1.0
285,11005096,Karaahmetoğlu,Macit,20,SPD,Macit Karaahmetoğlu,Macit_SPD,person,1.0
286,11004323,Karliczek,Anja,20,CDU,Anja Karliczek,AnjaKarliczek,person,1.0
287,11005097,Kasper,Carlos,20,SPD,Carlos Kasper,CarlosKasperMdB,person,1.0
288,11005098,Kassautzki,Anna,20,SPD,Anna Kassautzki,annakassautzki,person,1.0
289,11004325,Katzmarek,Gabriele,20,SPD,Gabriele Katzmarek,GabyKatzmarek,person,1.0
290,11005099,Kaufmann,Malte,20,AFD,Malte Kaufmann,MalteKaufmann,person,1.0
291,11005100,Kaufmann,Michael,20,AFD,Michael Kaufmann,KaufmannAfD,person,1.0
292,11005101,Keller,Rainer Johannes,20,SPD,Rainer Johannes Keller,RainerKellerWES,person,1.0
293,11005102,Kellner,Michael,20,Gruene,Michael Kellner,MiKellner,person,1.0
294,11004617,Kemmer,Ronja,20,CDU,Ronja Kemmer,RonjaKemmer,person,1.0
295,11005103,Kersten,Franziska,20,SPD,Franziska Kersten,FKerstenMdB,person,1.0
296,11004067,Keul,Katja,20,Gruene,Katja Keul,KatjaKeul,person,1.0
297,11004778,Keuter,Stefan,20,AFD,Stefan Keuter,StefanKeuterAfD,person,1.0
298,11005104,Khan,Misbah,20,Gruene,Misbah Khan,Bina_Khan_,person,1.0
299,11004779,Kießling,Michael,20,CDU,Michael Kießling,Kiessling_MdB,person,1.0
300,11004068,Kiesewetter,Roderich,20,CDU,Roderich Kiesewetter,RKiesewetter,person,1.0
301,11004070,Kindler,Sven-Christian,20,Gruene,Sven-Christian Kindler,sven_kindler,person,1.0
304,11004328,Kiziltepe,Cansel,20,SPD,Cansel Kiziltepe,CanselK,person,1.0
305,11005105,Kleebank,Helmut,20,SPD,Helmut Kleebank,helmut_kleebank,person,0.0
306,11004071,Klein,Volkmar,20,CDU,Volkmar Klein,VolkmarKlein,person,0.0
307,11004780,Klein,Karsten,20,FDP,Karsten Klein,MdBKlein,person,1.0
308,11005106,Klein,Ottilie,20,CDU,Ottilie Klein,Ottilie_Klein,person,1.0
309,11004072,Klein-Schmeink,Maria,20,Gruene,Maria Klein-Schmeink,MariaKlSchmeink,person,1.0
310,11004781,Kleinwächter,Norbert,20,AFD,Norbert Kleinwächter,NKleinwaechter,person,1.0
312,11003715,Klingbeil,Lars,20,SPD,Lars Klingbeil,larsklingbeil,person,1.0
313,11003566,Klöckner,Julia,20,CDU,Julia Klöckner,JuliaKloeckner,person,1.0
314,11005108,Klose,Annika,20,SPD,Annika Klose,AnniKlose,person,1.0
315,11004784,Kluckert,Daniela,20,FDP,Daniela Kluckert,DanielaKluckert,person,1.0
316,11005109,Klüssendorf,Tim,20,SPD,Tim Klüssendorf,timkluessendorf,person,0.0
317,11004073,Knoerig,Axel,20,CDU,Axel Knoerig,axel_knoerig,person,1.0
318,11004075,Kober,Pascal,20,FDP,Pascal Kober,PascalKober,person,1.0
320,11003710,Kofler,Bärbel,20,SPD,Bärbel Kofler,BaerbelKofler,person,1.0
321,11004786,Köhler,Lukas,20,FDP,Lukas Köhler,koehler_fdp,person,0.0
322,11004787,Komning,Enrico,20,AFD,Enrico Komning,EnricoKomning,person,1.0
323,11004788,König,Jörn,20,AFD,Jörn König,JoernKoenigAfD,person,0.0
324,11005110,König,Anne,20,CDU,Anne König,AnneKoenig_,person,1.0
325,11004789,Konrad,Carina,20,FDP,Carina Konrad,carina_konrad,person,1.0
326,11004331,Koob,Markus,20,CDU,Markus Koob,KoobMar,person,0.0
327,11005111,Kopf,Chantal,20,Gruene,Chantal Kopf,chantal_kopf,person,1.0
328,11004332,Körber,Carsten,20,CDU,Carsten Körber,CarstenKoerber,person,1.0
329,11003790,Korte,Jan,20,Linke,Jan Korte,jankortemdb,person,1.0
330,11005112,Koß,Simona,20,SPD,Simona Koß,SimonaMdB,person,1.0
331,11004791,Kotré,Steffen,20,AFD,Steffen Kotré,SteffenKotre,person,1.0
332,11004792,Kraft,Rainer,20,AFD,Rainer Kraft,Dr_Rainer_Kraft,person,1.0
333,11005113,Kraft,Laura,20,Gruene,Laura Kraft,laura_kraft_,person,1.0
334,11005114,Krämer,Philip,20,Gruene,Philip Krämer,PhiKraemer,person,1.0
335,11003162,Kramme,Anette,20,SPD,Anette Kramme,AnetteKramme,person,0.0
337,11003573,Krichbaum,Gunther,20,CDU,Gunther Krichbaum,GuntherKrichba3,person,1.0
338,11003574,Krings,Günter,20,CDU,Günter Krings,guenterkrings,person,1.0
339,11004081,Krischer,Oliver,20,Gruene,Oliver Krischer,Oliver_Krischer,person,1.0
340,11005116,Kröber,Martin,20,SPD,Martin Kröber,MartinKroeber,person,0.0
341,11005117,Kruse,Michael,20,FDP,Michael Kruse,krusehamburg,person,1.0
342,11005118,Kuban,Tilman,20,CDU,Tilman Kuban,TKuban96,person,1.0
344,11004796,Kuhle,Konstantin,20,FDP,Konstantin Kuhle,KonstantinKuhle,person,1.0
345,11004333,Kühn,Christian,20,Gruene,Christian Kühn,ChrisKuehn_mdb,person,1.0
346,11005119,Kühnert,Kevin,20,SPD,Kevin Kühnert,KuehniKev,person,0.0
347,11003576,Künast,Renate,20,Gruene,Renate Künast,RenateKuenast,person,1.0
348,11003578,Kurth,Markus,20,Gruene,Markus Kurth,markuskurthmdb,person,1.0
349,11005120,Lahrkamp,Sarah,20,SPD,Sarah Lahrkamp,SLahrkamp,person,0.0
350,11004798,Lambsdorff,Alexander,20,FDP,Alexander Lambsdorff,Lambsdorff,person,0.0
351,11005121,Lang,Ricarda,20,Gruene,Ricarda Lang,Ricarda_Lang,person,1.0
352,11004087,Lange,Ulrich,20,CDU,Ulrich Lange,UlrichLange,person,1.0
353,11005122,Larem,Andreas,20,SPD,Andreas Larem,andreaslarem,person,1.0
354,11002718,Laschet,Armin,20,CDU,Armin Laschet,ArminLaschet,person,1.0
356,11004336,Launert,Silke,20,CDU,Silke Launert,SilkeLaunert,person,1.0
357,11003797,Lauterbach,Karl,20,SPD,Karl Lauterbach,Karl_Lauterbach,person,1.0
358,11004088,Lay,Caren,20,Linke,Caren Lay,CarenLay,person,1.0
359,11004799,Lechte,Ulrich,20,FDP,Ulrich Lechte,ulrichlechte,person,1.0
361,11004801,Lehmann,Sven,20,Gruene,Sven Lehmann,svenlehmann,person,1.0
362,11004953,Lehmann,Sylvia,20,SPD,Sylvia Lehmann,LehmannSpd,person,1.0
364,11004337,Leikert,Katja,20,CDU,Katja Leikert,KLeikert,person,1.0
365,11005124,Leiser,Kevin,20,SPD,Kevin Leiser,KLHohenlohe,person,1.0
366,11002720,Lemke,Steffi,20,Gruene,Steffi Lemke,SteffiLemke,person,1.0
369,11004091,Lenkert,Ralph,20,Linke,Ralph Lenkert,RLenkert,person,1.0
370,11004339,Lenz,Andreas,20,CDU,Andreas Lenz,DerLenzMdB,person,1.0
371,11005127,Leye,Christian,20,Linke,Christian Leye,christian_leye,person,1.0
372,11005128,Licina-Bode,Luiza,20,SPD,Luiza Licina-Bode,BodeLuiza,person,1.0
373,11005129,Lieb,Thorsten,20,FDP,Thorsten Lieb,ThorstenLieb,person,1.0
374,11005130,Liebert,Anja,20,Gruene,Anja Liebert,anja_liebert,person,1.0
375,11005131,Limbacher,Esra,20,SPD,Esra Limbacher,EsraLimbacher,person,0.0
376,11005132,Limburg,Helge,20,Gruene,Helge Limburg,Helge_Limburg,person,1.0
377,11004095,Lindemann,Lars,20,FDP,Lars Lindemann,LFLindemann,person,1.0
378,11004802,Lindh,Helge,20,SPD,Helge Lindh,helgelindh,person,1.0
379,11004342,Lindholz,Andrea,20,CDU,Andrea Lindholz,AndreaLindholz,person,1.0
380,11004097,Lindner,Christian,20,FDP,Christian Lindner,c_lindner,person,1.0
381,11004217,Lindner,Tobias,20,Gruene,Tobias Lindner,tobiaslindner,person,1.0
382,11003802,Link,Michael Georg,20,FDP,Michael Georg Link,michael_g_link,person,1.0
385,11005133,Loop,Denise,20,Gruene,Denise Loop,denise_loop,person,1.0
387,11003584,Lötzsch,Gesine,20,Linke,Gesine Lötzsch,LoetzschMdB,person,1.0
388,11004807,Lucassen,Rüdiger,20,AFD,Rüdiger Lucassen,MdB_Lucassen,person,1.0
389,11005134,Lucks,Max,20,Gruene,Max Lucks,max_lucks,person,1.0
390,11004100,Luczak,Jan-Marco,20,CDU,Jan-Marco Luczak,JM_Luczak,person,1.0
391,11003613,Ludwig,Daniela,20,CDU,Daniela Ludwig,DaniLudwigMdB,person,1.0
392,11005135,Lugk,Bettina,20,SPD,Bettina Lugk,BettinaLugk,person,1.0
393,11003585,Lührmann,Anna,20,Gruene,Anna Lührmann,AnnaLuehrmann,person,1.0
394,11004102,Luksic,Oliver,20,FDP,Oliver Luksic,OlliLuksic,person,1.0
395,11005136,Lütke,Kristine,20,FDP,Kristine Lütke,kristine_lutke,person,1.0
396,11004103,Lutze,Thomas,20,Linke,Thomas Lutze,thlutze,person,1.0
397,11004809,Maas,Heiko,20,SPD,Heiko Maas,HeikoMaas,person,1.0
398,11005137,Machalet,Tanja,20,SPD,Tanja Machalet,TMachalet,person,0.0
400,11004949,Mackensen-Geis,Isabel,20,SPD,Isabel Mackensen-Geis,IsabelMackensen,person,1.0
401,11004346,Magwas,Yvonne,20,CDU,Yvonne Magwas,YvonneMagwas,person,1.0
402,11005139,Malottki,Erik,20,SPD,Erik Malottki,EVMGreifswald,person,1.0
403,11005140,Mann,Holger,20,SPD,Holger Mann,HolgerMannLE,person,1.0
404,11004815,Mansmann,Till,20,FDP,Till Mansmann,TillMansmann,person,1.0
405,11005141,Mansoori,Kaweh,20,SPD,Kaweh Mansoori,El_KaWeh_,person,1.0
406,11005142,Martens,Zanda,20,SPD,Zanda Martens,ZandaMartens,person,1.0
407,11004959,Martin,Dorothee,20,SPD,Dorothee Martin,Doro_Martin,person,1.0
408,11005143,Marvi,Parsa,20,SPD,Parsa Marvi,ParsaMarvi,person,1.0
409,11005144,Mascheck,Franziska,20,SPD,Franziska Mascheck,f_mascheck,person,1.0
410,11003804,Mast,Katja,20,SPD,Katja Mast,KatjaMast,person,1.0
411,11004108,Mattfeldt,Andreas,20,CDU,Andreas Mattfeldt,AMattfeldt,person,1.0
412,11003589,Mayer,Stephan,20,CDU,Stephan Mayer,StephanMayerCSU,person,1.0
413,11005145,Mayer,Zoe,20,Gruene,Zoe Mayer,zoe_gruene,person,1.0
414,11005146,Mayer-Lay,Volker,20,CDU,Volker Mayer-Lay,VMayer_Lay,person,1.0
415,11005147,Mehltretter,Andreas,20,SPD,Andreas Mehltretter,Mehli,person,1.0
416,11005148,Mehmet Ali,Takis,20,SPD,Takis Mehmet Ali,TakisMehmetAli,person,1.0
417,11004819,Meiser,Pascal,20,Linke,Pascal Meiser,pascalmeiser,person,1.0
418,11002733,Meister,Michael,20,CDU,Michael Meister,meister_schafft,person,1.0
420,11005150,Merten,Anikó,20,FDP,Anikó Merten,AnikoMerten,person,0.0
421,11002735,Merz,Friedrich,20,CDU,Friedrich Merz,_friedrichmerz,person,1.0
422,11005151,Mesarosch,Robin,20,SPD,Robin Mesarosch,mesarosch,person,0.0
423,11004352,Metzler,Jan,20,CDU,Jan Metzler,JanMetzler,person,1.0
424,11004820,Meyer,Christoph,20,FDP,Christoph Meyer,Meyer_FDP,person,1.0
425,11004821,Miazga,Corinna,20,AFD,Corinna Miazga,CorinnaMiazga,person,1.0
426,11005152,Michaelsen,Swantje Henrike,20,Gruene,Swantje Henrike Michaelsen,SwantjeMichael1,person,1.0
427,11005153,Michel,Kathrin,20,SPD,Kathrin Michel,Kthrn_Mchl_SPD,person,1.0
431,11004353,Mihalic,Irene,20,Gruene,Irene Mihalic,IreneMihalic,person,1.0
432,11005155,Mijatović,Boris,20,Gruene,Boris Mijatović,borismijatovic,person,1.0
433,11004355,Mittag,Susanne,20,SPD,Susanne Mittag,MittagSusanne,person,1.0
434,11004823,Mohamed Ali,Amira,20,Linke,Amira Mohamed Ali,Amira_M_Ali,person,1.0
435,11004111,Möhring,Cornelia,20,Linke,Cornelia Möhring,Conni_Moehring,person,1.0
436,11004824,Mohrs,Falko,20,SPD,Falko Mohrs,FalkoMohrs,person,1.0
437,11004825,Moll,Claudia,20,SPD,Claudia Moll,ClaudiaMollMdB,person,1.0
438,11004826,Möller,Siemtje,20,SPD,Siemtje Möller,SiemtjeMdB,person,1.0
439,11005156,Moncsek,Mike,20,AFD,Mike Moncsek,Mike_Moncsek,person,1.0
440,11004113,Monstadt,Dietrich,20,CDU,Dietrich Monstadt,MdBMonstadt,person,0.0
441,11005157,Moosdorf,Matthias,20,AFD,Matthias Moosdorf,MMoosdorf,person,0.0
442,11005158,Mordhorst,Maximilian,20,FDP,Maximilian Mordhorst,maxmordhorst,person,1.0
443,11005159,Mörseburg,Maximilian,20,CDU,Maximilian Mörseburg,maxmoerseburg,person,1.0
444,11003597,Müller,Stefan,20,CDU,Stefan Müller,smuellermdb,person,1.0
446,11003816,Müller,Detlef,20,SPD,Detlef Müller,MuellerChemnitz,person,1.0
447,11004358,Müller,Bettina,20,SPD,Bettina Müller,BetMueller,person,1.0
448,11004828,Müller,Alexander,20,FDP,Alexander Müller,alexmuellerfdp,person,1.0
450,11004830,Müller,Claudia,20,Gruene,Claudia Müller,GruenClaudia,person,0.0
451,11004832,Müller,Sepp,20,CDU,Sepp Müller,mueller_sepp,person,1.0
452,11005160,Müller,Florian,20,CDU,Florian Müller,FlorianMM,person,1.0
454,11005162,Müller,Sascha,20,Gruene,Sascha Müller,SaschaMuller,person,1.0
455,11004117,Müller-Gemmeke,Beate,20,Gruene,Beate Müller-Gemmeke,GrueneBeate,person,1.0
456,11004834,Müller-Rosentritt,Frank,20,FDP,Frank Müller-Rosentritt,theliberalfran,person,1.0
457,11004359,Müntefering,Michelle,20,SPD,Michelle Müntefering,Mi_Muentefering,person,1.0
458,11004836,Münzenmaier,Sebastian,20,AFD,Sebastian Münzenmaier,S_Muenzenmaier,person,1.0
461,11005164,Nanni,Sara,20,Gruene,Sara Nanni,SaraNanni,person,1.0
462,11005165,Nasr,Rasha,20,SPD,Rasha Nasr,rasha_nasr_,person,1.0
463,11004837,Nastic,Zaklin,20,Linke,Zaklin Nastic,ZaklinNastic,person,1.0
464,11005166,Naujok,Edgar,20,AFD,Edgar Naujok,edgar_naujok,person,1.0
465,11004119,Nestle,Ingrid,20,Gruene,Ingrid Nestle,Ingrid_Nestle,person,1.0
466,11005167,Nick,Ophelia,20,Gruene,Ophelia Nick,OpheliaNick,person,1.0
467,11005168,Nickholz,Brian,20,SPD,Brian Nickholz,BrianNickholz,person,1.0
470,11004842,Nolte,Jan Ralf,20,AFD,Jan Ralf Nolte,Jan_Nolte_AfD,person,1.0
471,11004123,Notz,Konstantin,20,Gruene,Konstantin Notz,KonstantinNotz,person,1.0
472,11003881,Nouripour,Omid,20,Gruene,Omid Nouripour,nouripour,person,1.0
473,11005169,Nürnberger,Jörg,20,SPD,Jörg Nürnberger,joergnurnberger,person,1.0
474,11005170,Oehl,Lennard,20,SPD,Lennard Oehl,lennardoehl,person,1.0
475,11004365,Oellers,Wilfried,20,CDU,Wilfried Oellers,WilfriedOellers,person,0.0
476,11005171,Oppelt,Moritz,20,CDU,Moritz Oppelt,MoritzOppelt,person,0.0
477,11004844,Ortleb,Josephine,20,SPD,Josephine Ortleb,josephineortleb,person,1.0
478,11004366,Oßner,Florian,20,CDU,Florian Oßner,Florian_Ossner,person,1.0
479,11004845,Oster,Josef,20,CDU,Josef Oster,josefoster,person,1.0
480,11003821,Otte,Henning,20,CDU,Henning Otte,HenningOtteMdB,person,1.0
481,11005172,Otte,Karoline,20,Gruene,Karoline Otte,karo_otte,person,1.0
482,11004846,Otten,Gerold,20,AFD,Gerold Otten,Gerold_Otten,person,1.0
483,11002746,Özdemir,Cem,20,Gruene,Cem Özdemir,cem_oezdemir,person,1.0
484,11004368,Özdemir,Mahmut,20,SPD,Mahmut Özdemir,oezdemir_spd,person,1.0
485,11004124,Özoğuz,Aydan,20,SPD,Aydan Özoğuz,oezoguz,person,1.0
486,11005173,Pahlke,Julian,20,Gruene,Julian Pahlke,J_Pahlke,person,1.0
487,11005174,Pantazis,Christos,20,SPD,Christos Pantazis,Dr_Pantazis,person,1.0
489,11005176,Papendieck,Mathias,20,SPD,Mathias Papendieck,M_Papendieck,person,1.0
490,11003206,Pau,Petra,20,Linke,Petra Pau,PetraPauMaHe,person,1.0
491,11004127,Paus,Lisa,20,Gruene,Lisa Paus,lisapaus,person,1.0
492,11005177,Pawlik,Natalie,20,SPD,Natalie Pawlik,natalie_pawlik,person,1.0
493,11005178,Peick,Jens,20,SPD,Jens Peick,JensPeick,person,1.0
494,11004848,Pellmann,Sören,20,Linke,Sören Pellmann,LINKEPELLI,person,1.0
495,11004849,Perli,Victor,20,Linke,Victor Perli,victorperli,person,1.0
496,11004850,Peterka,Tobias Matthias,20,AFD,Tobias Matthias Peterka,TobiasMPeterka,person,1.0
497,11004605,Petry,Christian,20,SPD,Christian Petry,CPetryMdB,person,1.0
498,11005179,Philippi,Andreas,20,SPD,Andreas Philippi,PhilippiSpd,person,1.0
499,11005180,Piechotta,Paula,20,Gruene,Paula Piechotta,PaulaPiechotta,person,1.0
500,11004853,Pilsinger,Stephan,20,CDU,Stephan Pilsinger,StephPilsinger,person,1.0
501,11005181,Plobner,Jan,20,SPD,Jan Plobner,JanPlobner,person,1.0
502,11004854,Ploß,Christoph,20,CDU,Christoph Ploß,christophploss,person,1.0
503,11005182,Plum,Martin,20,CDU,Martin Plum,MartinPlumMdB,person,1.0
504,11004856,Pohl,Jürgen,20,AFD,Jürgen Pohl,Pohl_MdB,person,1.0
505,11004857,Polat,Filiz,20,Gruene,Filiz Polat,filizgreen,person,1.0
507,11004378,Post,Achim,20,SPD,Achim Post,Achim_P,person,1.0
508,11004858,Protschka,Stephan,20,AFD,Stephan Protschka,AfDProtschka,person,1.0
509,11002754,Rachel,Thomas,20,CDU,Thomas Rachel,_thomasrachel,person,1.0
511,11004383,Radwan,Alexander,20,CDU,Alexander Radwan,AlexanderRadwan,person,1.0
512,11005273,Raffelhüschen,Claudia,20,FDP,Claudia Raffelhüschen,CRaffelhueschen,person,1.0
513,11004384,Rainer,Alois,20,CDU,Alois Rainer,AloisRainer,person,1.0
515,11005183,Redder,Volker,20,FDP,Volker Redder,docredder,person,1.0
516,11005184,Rehbaum,Henning,20,CDU,Henning Rehbaum,HenningRehbaum,person,1.0
517,11004859,Reichardt,Martin,20,AFD,Martin Reichardt,M_Reichardt_AfD,person,1.0
518,11005185,Reichel,Markus,20,CDU,Markus Reichel,MarkusReichelDD,person,1.0
519,11005186,Reichinnek,Heidi,20,Linke,Heidi Reichinnek,HeidiReichinnek,person,1.0
521,11004229,Reinhold,Hagen,20,FDP,Hagen Reinhold,reinholdmdb,person,1.0
522,11004385,Renner,Martina,20,Linke,Martina Renner,MartinaRenner,person,1.0
523,11004862,Renner,Martin Erwin,20,AFD,Martin Erwin Renner,Renner_AfD,person,1.0
524,11004864,Reuther,Bernd,20,FDP,Bernd Reuther,reuther_bernd,person,1.0
525,11005188,Rhie,Ye-One,20,SPD,Ye-One Rhie,YeOne_Rhie,person,1.0
527,11004865,Riexinger,Bernd,20,Linke,Bernd Riexinger,b_riexinger,person,1.0
528,11004387,Rimkus,Andreas,20,SPD,Andreas Rimkus,Andreas_Rimkus,person,1.0
530,11003830,Rix,Sönke,20,SPD,Sönke Rix,SoenkeRix,person,1.0
533,11005191,Roloff,Sebastian,20,SPD,Sebastian Roloff,SebRoloff,person,1.0
534,11004389,Rosemann,Martin,20,SPD,Martin Rosemann,MartinRosemann,person,1.0
535,11005192,Rosenthal,Jessica,20,SPD,Jessica Rosenthal,jessi_rosenthal,person,1.0
536,11004138,Rößner,Tabea,20,Gruene,Tabea Rößner,TabeaRoessne,person,1.0
538,11003213,Roth,Michael,20,SPD,Michael Roth,MiRo_SPD,person,1.0
539,11002765,Röttgen,Norbert,20,CDU,Norbert Röttgen,n_roettgen,person,1.0
540,11004866,Rottmann,Manuela,20,Gruene,Manuela Rottmann,ManuelaRottman,person,1.0
541,11004867,Rouenhoff,Stefan,20,CDU,Stefan Rouenhoff,StefanRouenhoff,person,1.0
542,11005193,Röwekamp,Thomas,20,CDU,Thomas Röwekamp,TR_Bremen,person,1.0
543,11004139,Rüddel,Erwin,20,CDU,Erwin Rüddel,Erwin_Rueddel,person,1.0
544,11005194,Rudolph,Thorsten,20,SPD,Thorsten Rudolph,jethoru,person,1.0
546,11004390,Rüffer,Corinna,20,Gruene,Corinna Rüffer,crueffer,person,1.0
548,11004392,Rützel,Bernd,20,SPD,Bernd Rützel,ruetzelbernd,person,0.0
549,11004622,Ryglewski,Sarah,20,SPD,Sarah Ryglewski,RyglewskiS,person,1.0
550,11004393,Saathoff,Johann,20,SPD,Johann Saathoff,Johann_Saathof,person,1.0
551,11005198,Santos Firnhaber,Catarina,20,CDU,Catarina Santos Firnhaber,CatarinaDosSa,person,1.0
552,11004869,Sattelberger,Thomas,20,FDP,Thomas Sattelberger,th_sattelberger,person,1.0
553,11004871,Sauter,Christian,20,FDP,Christian Sauter,Chr_Sauter,person,1.0
555,11005199,Schäfer,Ingo,20,SPD,Ingo Schäfer,ingoschaeferspd,person,1.0
556,11005200,Schäfer,Jamila,20,Gruene,Jamila Schäfer,jamila_anna,person,1.0
557,11005201,Schäfer,Sebastian,20,Gruene,Sebastian Schäfer,sebastian_es_,person,1.0
558,11003834,Schäffler,Frank,20,FDP,Frank Schäffler,f_schaeffler,person,1.0
560,11005203,Schattner,Bernd,20,AFD,Bernd Schattner,Schattner_MdB,person,1.0
561,11005204,Schätzl,Johannes,20,SPD,Johannes Schätzl,SchaetzlJo,person,0.0
563,11004395,Schauws,Ulle,20,Gruene,Ulle Schauws,ulle_schauws,person,1.0
564,11004396,Scheer,Nina,20,SPD,Nina Scheer,NinaScheer_SPD,person,1.0
565,11005205,Schenderlein,Christiane,20,CDU,Christiane Schenderlein,schenderleinmdb,person,1.0
566,11003625,Scheuer,Andreas,20,CDU,Andreas Scheuer,andreasscheuer,person,1.0
567,11003838,Schieder,Marianne,20,SPD,Marianne Schieder,m_schieder,person,1.0
568,11004397,Schiefner,Udo,20,SPD,Udo Schiefner,UdoSchiefner,person,0.0
569,11004873,Schielke-Ziesing,Ulrike,20,AFD,Ulrike Schielke-Ziesing,ulschzi,person,1.0
571,11004398,Schimke,Jana,20,CDU,Jana Schimke,JanaSchimke,person,1.0
573,11004876,Schmid,Nils,20,SPD,Nils Schmid,NilsSchmid,person,1.0
574,11005208,Schmid,Christoph,20,SPD,Christoph Schmid,kratermensch,person,1.0
575,11004401,Schmidt,Dagmar,20,SPD,Dagmar Schmidt,dieschmidt,person,1.0
576,11004877,Schmidt,Stefan,20,Gruene,Stefan Schmidt,Schmidt_MdB,person,1.0
578,11005209,Schmidt,Eugen,20,AFD,Eugen Schmidt,AfDrus,person,1.0
579,11005210,Schmidt,Jan Wenzel,20,AFD,Jan Wenzel Schmidt,jws_afd,person,1.0
580,11003218,Schneider,Carsten,20,SPD,Carsten Schneider,schneidercar,person,1.0
581,11004880,Schneider,Jörg,20,AFD,Jörg Schneider,Schneider_AfD,person,1.0
582,11005211,Schneider,Daniel,20,SPD,Daniel Schneider,schneider_cux,person,1.0
583,11004146,Schnieder,Patrick,20,CDU,Patrick Schnieder,Pschnieder,person,1.0
584,11003231,Scholz,Olaf,20,SPD,Olaf Scholz,OlafScholz,person,1.0
585,11004116,Schön,Nadine,20,CDU,Nadine Schön,NadineSchoen,person,1.0
586,11005212,Schönberger,Marlene,20,Gruene,Marlene Schönberger,lime_green_leni,person,1.0
587,11004881,Schraps,Johannes,20,SPD,Johannes Schraps,jschraps,person,1.0
589,11004883,Schreiner,Felix,20,CDU,Felix Schreiner,felixschreiner,person,1.0
590,11005214,Schröder,Christina-Johanne,20,Gruene,Christina-Johanne Schröder,cj_schroeder,person,1.0
591,11005215,Schröder,Ria,20,FDP,Ria Schröder,ria_schroeder,person,0.0
592,11004884,Schrodi,Michael,20,SPD,Michael Schrodi,mischrodi,person,1.0
593,11004888,Schulz,Uwe,20,AFD,Uwe Schulz,Uwe_Schulz_AfD,person,1.0
594,11005216,Schulz,Anja,20,FDP,Anja Schulz,_anja_schulz,person,1.0
595,11004405,Schulz-Asche,Kordula,20,Gruene,Kordula Schulz-Asche,K_SA,person,1.0
596,11005217,Schulze,Svenja,20,SPD,Svenja Schulze,SvenjaSchulze68,person,1.0
597,11003846,Schwabe,Frank,20,SPD,Frank Schwabe,FrankSchwabe,person,1.0
598,11004150,Schwartze,Stefan,20,SPD,Stefan Schwartze,s_schwartze,person,1.0
599,11004407,Schwarz,Andreas,20,SPD,Andreas Schwarz,Schwarz_MdB,person,1.0
600,11005218,Schwarz,Armin,20,CDU,Armin Schwarz,ArminSchwarz,person,1.0
601,11003847,Schwarzelühr-Sutter,Rita,20,SPD,Rita Schwarzelühr-Sutter,rischwasu,person,1.0
602,11004890,Seestern-Pauly,Matthias,20,FDP,Matthias Seestern-Pauly,mseesternpauly,person,1.0
605,11005220,Seiter,Stephan,20,FDP,Stephan Seiter,StSeiter,person,1.0
606,11004891,Seitz,Thomas,20,AFD,Thomas Seitz,Th_Seitz_AfD,person,1.0
607,11005221,Seitzl,Lina,20,SPD,Lina Seitzl,Lina_Seitzl,person,1.0
608,11005222,Sekmen,Melis,20,Gruene,Melis Sekmen,Melis_S,person,0.0
609,11005223,Semet,Rainer,20,FDP,Rainer Semet,RainerSemet,person,1.0
610,11004892,Sichert,Martin,20,AFD,Martin Sichert,Martin_Sichert,person,1.0
611,11003636,Silberhorn,Thomas,20,CDU,Thomas Silberhorn,SilberhornMdB,person,1.0
612,11004893,Simon,Björn,20,CDU,Björn Simon,BjoernSimon,person,1.0
613,11003848,Sitte,Petra,20,Linke,Petra Sitte,Petra_Sitte_MdB,person,1.0
614,11004159,Skudelny,Judith,20,FDP,Judith Skudelny,JudithSkudelny,person,1.0
615,11005224,Slawik,Nyke,20,Gruene,Nyke Slawik,nyke_slawik,person,1.0
616,11004409,Sorge,Tino,20,CDU,Tino Sorge,TinoSorge,person,1.0
617,11003638,Spahn,Jens,20,CDU,Jens Spahn,jensspahn,person,1.0
618,11005225,Spallek,Anne Monika,20,Gruene,Anne Monika Spallek,AnneSpallek,person,1.0
619,11004899,Spaniel,Dirk,20,AFD,Dirk Spaniel,DirkSpaniel,person,1.0
620,11005226,Spellerberg,Merle,20,Gruene,Merle Spellerberg,spellerberg_m,person,1.0
621,11004900,Springer,René,20,AFD,René Springer,Rene_Springer,person,1.0
622,11004412,Stadler,Svenja,20,SPD,Svenja Stadler,stadler_svenja,person,1.0
623,11004901,Staffler,Katrin,20,CDU,Katrin Staffler,katrin_staffler,person,1.0
624,11005227,Stahr,Nina,20,Gruene,Nina Stahr,ninastahr,person,1.0
625,11004413,Stamm-Fibich,Martina,20,SPD,Martina Stamm-Fibich,stamm_fibich,person,1.0
626,11004902,Stark-Watzinger,Bettina,20,FDP,Bettina Stark-Watzinger,starkwatzinger,person,1.0
627,11005228,Steffen,Till,20,Gruene,Till Steffen,till_steffen,person,1.0
628,11004414,Stefinger,Wolfgang,20,CDU,Wolfgang Stefinger,StefingerMdB,person,1.0
629,11004415,Stegemann,Albert,20,CDU,Albert Stegemann,StegemannAlbert,person,1.0
630,11005229,Stegner,Ralf,20,SPD,Ralf Stegner,Ralf_Stegner,person,1.0
631,11004904,Stein,Mathias,20,SPD,Mathias Stein,stonie_kiel,person,1.0
632,11004418,Steiniger,Johannes,20,CDU,Johannes Steiniger,JoSteiniger,person,1.0
633,11005230,Steinmüller,Hanna,20,Gruene,Hanna Steinmüller,HanSteinmueller,person,1.0
634,11003639,Stetten,Christian,20,CDU,Christian Stetten,CvStetten,person,1.0
635,11005231,Sthamer,Nadja,20,SPD,Nadja Sthamer,nadjasthamer,person,1.0
639,11005234,Stockmeier,Konrad,20,FDP,Konrad Stockmeier,KonradStockmei1,person,1.0
640,11004905,Storch,Beatrix,20,AFD,Beatrix Storch,Beatrix_vStorch,person,1.0
641,11003643,Storjohann,Gero,20,CDU,Gero Storjohann,gero_storjohann,person,1.0
642,11004906,Strack-Zimmermann,Marie-Agnes,20,FDP,Marie-Agnes Strack-Zimmermann,MAStrackZi,person,1.0
644,11004908,Strasser,Benjamin,20,FDP,Benjamin Strasser,bstrasser,person,1.0
646,11003888,Strengmann-Kuhn,Wolfgang,20,Gruene,Wolfgang Strengmann-Kuhn,W_SK,person,1.0
648,11005236,Stüwe,Ruppert,20,SPD,Ruppert Stüwe,stuewer,person,1.0
649,11005197,Taher Saleh,Kassem,20,Gruene,Kassem Taher Saleh,kassem_ts,person,1.0
650,11004911,Tatti,Jessica,20,Linke,Jessica Tatti,jessica_tatti,person,1.0
653,11005237,Tesfaiesus,Awet,20,Gruene,Awet Tesfaiesus,AwetTesfaiesus,person,1.0
654,11004913,Teuteberg,Linda,20,FDP,Linda Teuteberg,LindaTeuteberg,person,1.0
655,11005238,Teutrine,Jens,20,FDP,Jens Teutrine,jensteutrine,person,1.0
656,11004914,Theurer,Michael,20,FDP,Michael Theurer,EUTheurer,person,1.0
659,11004175,Thomae,Stephan,20,FDP,Stephan Thomae,StephanThomae,person,1.0
660,11004917,Throm,Alexander,20,CDU,Alexander Throm,alexander_throm,person,1.0
661,11003646,Tillmann,Antje,20,CDU,Antje Tillmann,AntjeTillmann,person,1.0
663,11005239,Tippelt,Nico,20,FDP,Nico Tippelt,NicoTippelt,person,1.0
664,11004222,Todtenhausen,Manfred,20,FDP,Manfred Todtenhausen,MTodtenhausen,person,1.0
665,11003856,Toncar,Florian,20,FDP,Florian Toncar,florian_toncar,person,1.0
667,11004426,Träger,Carsten,20,SPD,Carsten Träger,CarstenTraeger,person,1.0
668,11003246,Trittin,Jürgen,20,Gruene,Jürgen Trittin,JTrittin,person,1.0
669,11005240,Troff-Schaffarzyk,Anja,20,SPD,Anja Troff-Schaffarzyk,anja_troff,person,1.0
670,11005241,Türk-Nachbaur,Derya,20,SPD,Derya Türk-Nachbaur,derya_tn,person,1.0
671,11004645,Uhl,Markus,20,CDU,Markus Uhl,uhl_markus,person,1.0
672,11005242,Uhlig,Katrin,20,Gruene,Katrin Uhlig,katrinuhligbn,person,1.0
673,11004922,Ullmann,Andrew,20,FDP,Andrew Ullmann,UllmannMdB,person,1.0
674,11004427,Ullrich,Volker,20,CDU,Volker Ullrich,VolkerUllrich,person,1.0
675,11004923,Ullrich,Gerald,20,FDP,Gerald Ullrich,G_UllrichFDP,person,1.0
678,11004429,Verlinden,Julia,20,Gruene,Julia Verlinden,julia_verlinden,person,1.0
679,11004924,Vieregge,Kerstin,20,CDU,Kerstin Vieregge,Kerstin_4egge,person,1.0
680,11004179,Vogel,Johannes,20,FDP,Johannes Vogel,johannesvogel,person,1.0
681,11004181,Vogler,Kathrin,20,Linke,Kathrin Vogler,voglerk,person,1.0
683,11004942,Völlers,Marja-Liisa,20,SPD,Marja-Liisa Völlers,MarjaVoellers,person,0.0
685,11004926,Vries,Christoph,20,CDU,Christoph Vries,VriesChristoph,person,1.0
686,11004182,Wadephul,Johann David,20,CDU,Johann David Wadephul,JoWadephul,person,1.0
687,11005245,Wagener,Niklas,20,Gruene,Niklas Wagener,WagenerNiklas,person,1.0
688,11005246,Wagener,Robin,20,Gruene,Robin Wagener,robinwagener,person,1.0
689,11004183,Wagenknecht,Sahra,20,Linke,Sahra Wagenknecht,SWagenknecht,person,1.0
691,11005248,Wagner,Johannes,20,Gruene,Johannes Wagner,yooHannes,person,0.0
692,11005249,Wallstein,Maja,20,SPD,Maja Wallstein,Krawallstein,person,1.0
693,11005250,Walter,Hannes,20,SPD,Hannes Walter,HannesWalterSPD,person,1.0
694,11004221,Walter-Rosenheimer,Beate,20,Gruene,Beate Walter-Rosenheimer,TeamBeate,person,1.0
695,11003655,Wanderwitz,Marco,20,CDU,Marco Wanderwitz,wanderwitz,person,1.0
696,11004437,Warken,Nina,20,CDU,Nina Warken,ninawarken,person,1.0
697,11004929,Weeser,Sandra,20,FDP,Sandra Weeser,sandra_weeser,person,1.0
698,11005251,Wegge,Carmen,20,SPD,Carmen Wegge,CarmenWegge,person,1.0
700,11004930,Weidel,Alice,20,AFD,Alice Weidel,Alice_Weidel,person,1.0
701,11004950,Weingarten,Joe,20,SPD,Joe Weingarten,DrJoeWeingarten,person,1.0
702,11004440,Weisgerber,Anja,20,CDU,Anja Weisgerber,anjaweisgerber,person,1.0
703,11005253,Weishaupt,Saskia,20,Gruene,Saskia Weishaupt,SaskiaLeaRaquel,person,1.0
706,11005255,Wenzel,Stefan,20,Gruene,Stefan Wenzel,StefWenzel,person,1.0
707,11005256,Werner,Lena,20,SPD,Lena Werner,thereallenzii,person,1.0
708,11004931,Westig,Nicole,20,FDP,Nicole Westig,NicoleWestig,person,1.0
709,11004442,Westphal,Bernd,20,SPD,Bernd Westphal,BerndWestphal4,person,1.0
710,11004932,Weyel,Harald,20,AFD,Harald Weyel,h_weyel,person,0.0
711,11004443,Whittaker,Kai,20,CDU,Kai Whittaker,Kai_Whittaker,person,1.0
712,11003259,Widmann-Mauz,Annette,20,CDU,Annette Widmann-Mauz,AWidmannMauz,person,1.0
713,11004933,Wiehle,Wolfgang,20,AFD,Wolfgang Wiehle,WolfgangWiehle,person,1.0
714,11005257,Wiener,Klaus,20,CDU,Klaus Wiener,KlausWiener,person,1.0
715,11004444,Wiese,Dirk,20,SPD,Dirk Wiese,DirkWieseSPD,person,1.0
718,11005258,Winkler,Tobias,20,CDU,Tobias Winkler,TobiasWINKLER_,person,1.0
719,11005259,Winklmann,Tina,20,Gruene,Tina Winklmann,TinaWinklmann,person,1.0
720,11004936,Wirth,Christian,20,AFD,Christian Wirth,ChrWirthMdB,person,1.0
721,11003702,Wissing,Volker,20,FDP,Volker Wissing,Wissing,person,1.0
722,11005260,Wissler,Janine,20,Linke,Janine Wissler,Janine_Wissler,person,1.0
723,11004937,Witt,Uwe,20,AFD,Uwe Witt,Witt_Uwe,person,1.0
726,11005263,Wulf,Mareike Lotte,20,CDU,Mareike Lotte Wulf,MareikeWulf,person,1.0
727,11005264,Wundrak,Joachim,20,AFD,Joachim Wundrak,JoachimWundrak,person,1.0
730,11005265,Ziegler,Kay-Uwe,20,AFD,Kay-Uwe Ziegler,KayUweZiegler71,person,1.0
731,11004938,Ziemiak,Paul,20,CDU,Paul Ziemiak,PaulZiemiak,person,1.0
732,11004453,Zierke,Stefan,20,SPD,Stefan Zierke,zierke,person,1.0
733,11004603,Zimmermann,Jens,20,SPD,Jens Zimmermann,JensZSPD,person,1.0
734,11005266,Zippelius,Nicolas,20,CDU,Nicolas Zippelius,NZippelius,person,1.0
735,11005267,Zorn,Armand,20,SPD,Armand Zorn,ArmandZorn,person,1.0
