bundestag_id;nachname;vorname;wp;fraktion;full_name;twitter_handle;account_type;activity;;
11005000;Abdi;Sanae;20;Fraktion der Sozialdemokratischen Partei Deutschlands;Sanae Abdi;_sanaeabdi;person;1;;
11005001;Abel;Valentin;20;Fraktion der Freien Demokratischen Partei;Valentin Abel;Valentin_C_Abel;person;1;;
11005002;Abraham;Knut;20;Fraktion der Christlich Demokratischen Union/Christlich - Sozialen Union;Knut Abraham;Knut_Abraham;person;1;;
11005003;Adler;Katja;20;Fraktion der Freien Demokratischen Partei;Katja Adler;katjadler;person;1;;
11005004;Aeffner;Stephanie;20;Fraktion BÜNDNIS 90/DIE GRÜNEN;Stephanie Aeffner;s_aeffner;person;1;;
11005005;Ahmetovic;Adis;20;Fraktion der Sozialdemokratischen Partei Deutschlands;Adis Ahmetovic;NA;person;NA;;
11004653;Akbulut;Gökay;20;Fraktion DIE LINKE.;Gökay Akbulut;AkbulutGokay;person;1;;
11005007;Al-Dailami;Ali;20;Fraktion DIE LINKE.;Ali Al-Dailami;ali_aldailami;person;1;;
11005008;Al-Halak;Muhanad;20;Fraktion der Freien Demokratischen Partei;Muhanad Al-Halak;HalakMuhanad;person;1;;
11005006;Alabali-Radovan;Reem;20;Fraktion der Sozialdemokratischen Partei Deutschlands;Reem Alabali-Radovan;ReemAlabali;person;1;;
11004241;Albani;Stephan;20;Fraktion der Christlich Demokratischen Union/Christlich - Sozialen Union;Stephan Albani;Stephan_Alban;person;0;;
11004654;Alt;Renata;20;Fraktion der Freien Demokratischen Partei;Renata Alt;RenataAlt_MdB;person;1;;
11004655;Altenkamp;Norbert Maria;20;Fraktion der Christlich Demokratischen Union/Christlich - Sozialen Union;Norbert Maria Altenkamp;NAltenkamp;person;0;;
11004656;Amthor;Philipp;20;Fraktion der Christlich Demokratischen Union/Christlich - Sozialen Union;Philipp Amthor;Philipp_Amthor;person;1;;
11004243;Amtsberg;Luise;20;Fraktion BÜNDNIS 90/DIE GRÜNEN;Luise Amtsberg;NA;person;NA;;
11005009;Andres;Dagmar;20;Fraktion der Sozialdemokratischen Partei Deutschlands;Dagmar Andres;DagmarAndres;person;1;;
11003732;Annen;Niels;20;Fraktion der Sozialdemokratischen Partei Deutschlands;Niels Annen;NielsAnnen;person;1;;
11005010;Arlt;Johannes;20;Fraktion der Sozialdemokratischen Partei Deutschlands;Johannes Arlt;arlt_johannes;person;1;;
11004003;Aschenberg-Dugnus;Christine;20;Fraktion der Freien Demokratischen Partei;Christine Aschenberg-Dugnus;cad59;person;1;;
11005011;Audretsch;Andreas;20;Fraktion BÜNDNIS 90/DIE GRÜNEN;Andreas Audretsch;AnAudretsch;person;1;;
11003706;Auernhammer;Artur;20;Fraktion der Christlich Demokratischen Union/Christlich - Sozialen Union;Artur Auernhammer;NA;person;NA;;
11004004;Aumer;Peter;20;Fraktion der Christlich Demokratischen Union/Christlich - Sozialen Union;Peter Aumer;PeterAumer;person;1;;
11005012;Außendorf;Maik;20;Fraktion BÜNDNIS 90/DIE GRÜNEN;Maik Außendorf;maik_aussendorf;person;1;;
11005013;Bacherle;Tobias;20;Fraktion BÜNDNIS 90/DIE GRÜNEN;Tobias Bacherle;TBBacherle;person;1;;
11005014;Bachmann;Carolin;20;Alternative für Deutschland;Carolin Bachmann;NA;person;NA;;
11004659;Badum;Lisa;20;Fraktion BÜNDNIS 90/DIE GRÜNEN;Lisa Badum;badulrichmartha;person;1;;
11004244;Baehrens;Heike;20;Fraktion der Sozialdemokratischen Partei Deutschlands;Heike Baehrens;NA;person;NA;;
11004245;Baerbock;Annalena;20;Fraktion BÜNDNIS 90/DIE GRÜNEN;Annalena Baerbock;ABaerbock;person;1;;
11004246;Bahr;Ulrike;20;Fraktion der Sozialdemokratischen Partei Deutschlands;Ulrike Bahr;MdB_Ulrike_Bahr;person;1;;
11005015;Baldy;Daniel;20;Fraktion der Sozialdemokratischen Partei Deutschlands;Daniel Baldy;baldy_daniel;person;1;;
11005016;Banaszak;Felix;20;Fraktion BÜNDNIS 90/DIE GRÜNEN;Felix Banaszak;fbanaszak;person;1;;
11003586;Bär;Dorothee;20;Fraktion der Christlich Demokratischen Union/Christlich - Sozialen Union;Dorothee Bär;DoroBaer;person;1;;
11005017;Bär;Karl;20;Fraktion BÜNDNIS 90/DIE GRÜNEN;Karl Bär;karlbaer;person;1;;
11004947;Baradari;Nezahat;20;Fraktion der Sozialdemokratischen Partei Deutschlands;Nezahat Baradari;NBaradari;person;0;;
11003734;Bareiß;Thomas;20;Fraktion der Christlich Demokratischen Union/Christlich - Sozialen Union;Thomas Bareiß;Thomas_Bareiss;person;1;;
11003496;Bartol;Sören;20;Fraktion der Sozialdemokratischen Partei Deutschlands;Sören Bartol;soerenbartol;person;0;;
11003034;Bartsch;Dietmar;20;Fraktion DIE LINKE.;Dietmar Bartsch;DietmarBartsch;person;1;;
11004006;Bas;Bärbel;20;Fraktion der Sozialdemokratischen Partei Deutschlands;Bärbel Bas;baerbelbas;person;1;;
11004661;Bauer;Nicole;20;Fraktion der Freien Demokratischen Partei;Nicole Bauer;nicole_ae_bauer;person;1;;
11005018;Baum;Christina;20;Alternative für Deutschland;Christina Baum;DrChristinaBaum;person;1;;
11004662;Baumann;Bernd;20;Alternative für Deutschland;Bernd Baumann;BerndBaumannAfD;person;1;;
11004665;Bayram;Canan;20;Fraktion BÜNDNIS 90/DIE GRÜNEN;Canan Bayram;LieblingXhain;person;1;;
11005019;Beck;Katharina;20;Fraktion BÜNDNIS 90/DIE GRÜNEN;Katharina Beck;kathabeck;person;1;;
11005020;Beckamp;Roger;20;Alternative für Deutschland;Roger Beckamp;RogerBeckamp;person;1;;
11005021;Becker;Holger;20;Fraktion der Sozialdemokratischen Partei Deutschlands;Holger Becker;Holger_SciTec;person;0;;
11004666;Beeck;Jens;20;Fraktion der Freien Demokratischen Partei;Jens Beeck;jensbeeck;person;1;;
11005022;Benner;Lukas;20;Fraktion BÜNDNIS 90/DIE GRÜNEN;Lukas Benner;LukasBenner_;person;1;;
11005023;Berghahn;Jürgen;20;Fraktion der Sozialdemokratischen Partei Deutschlands;Jürgen Berghahn;NA;person;NA;;
11004252;Berghegger;André;20;Fraktion der Christlich Demokratischen Union/Christlich - Sozialen Union;André Berghegger;NA;person;NA;;
11005024;Bergt;Bengt;20;Fraktion der Sozialdemokratischen Partei Deutschlands;Bengt Bergt;BengtBergt;person;1;;
11004669;Bernhard;Marc;20;Alternative für Deutschland;Marc Bernhard;MarcBernhardAfD;person;1;;
11004010;Beyer;Peter;20;Fraktion der Christlich Demokratischen Union/Christlich - Sozialen Union;Peter Beyer;Peter_Beyer;person;1;;
11004673;Biadacz;Marc;20;Fraktion der Christlich Demokratischen Union/Christlich - Sozialen Union;Marc Biadacz;MBiadaczMdB;person;1;;
11004011;Bilger;Steffen;20;Fraktion der Christlich Demokratischen Union/Christlich - Sozialen Union;Steffen Bilger;SteffenBilger;person;1;;
11004012;Birkwald;Matthias W.;20;Fraktion DIE LINKE.;Matthias W. Birkwald;MWBirkwald;person;1;;
11005025;Blankenburg;Jakob;20;Fraktion der Sozialdemokratischen Partei Deutschlands;Jakob Blankenburg;JakobBla;person;1;;
11004674;Bleck;Andreas;20;Alternative für Deutschland;Andreas Bleck;andreasbleckmdb;person;1;;
11005026;Bochmann;René;20;Alternative für Deutschland;René Bochmann;NA;person;NA;;
11005027;Bodtke;Ingo;20;Fraktion der Freien Demokratischen Partei;Ingo Bodtke;IngoBodtke;person;1;;
11004675;Boehringer;Peter;20;Alternative für Deutschland;Peter Boehringer;PeterBoehringer;person;1;;
11005028;Boginski;Friedhelm;20;Fraktion der Freien Demokratischen Partei;Friedhelm Boginski;f_boginski;person;1;;
11005029;Bollmann;Gereon;20;Alternative für Deutschland;Gereon Bollmann;NA;person;NA;;
11005030;Borchardt;Simone;20;Fraktion der Christlich Demokratischen Union/Christlich - Sozialen Union;Simone Borchardt;NA;person;NA;;
11003742;Brand;Michael;20;Fraktion der Christlich Demokratischen Union/Christlich - Sozialen Union;Michael Brand;NA;person;NA;;
11004676;Brandenburg;Jens;20;Fraktion der Freien Demokratischen Partei;Jens Brandenburg;JBrandenburgFDP;person;1;;
11004677;Brandenburg;Mario;20;Fraktion der Freien Demokratischen Partei;Mario Brandenburg;BraFDP;person;1;;
11005031;Brandes;Dirk;20;Alternative für Deutschland;Dirk Brandes;NA;person;NA;;
11004018;Brandl;Reinhard;20;Fraktion der Christlich Demokratischen Union/Christlich - Sozialen Union;Reinhard Brandl;reinhardbrandl;person;1;;
11004678;Brandner;Stephan;20;Alternative für Deutschland;Stephan Brandner;StBrandner;person;1;;
11004255;Brantner;Franziska;20;Fraktion BÜNDNIS 90/DIE GRÜNEN;Franziska Brantner;fbrantner;person;1;;
11003510;Braun;Helge;20;Fraktion der Christlich Demokratischen Union/Christlich - Sozialen Union;Helge Braun;HBraun;person;1;;
11004680;Braun;Jürgen;20;Alternative für Deutschland;Jürgen Braun;JuergenBraunAfD;person;1;;
11004681;Breher;Silvia;20;Fraktion der Christlich Demokratischen Union/Christlich - Sozialen Union;Silvia Breher;BreherSilvia;person;1;;
11004682;Brehm;Sebastian;20;Fraktion der Christlich Demokratischen Union/Christlich - Sozialen Union;Sebastian Brehm;Brehm_inNBGNord;person;1;;
11004019;Brehmer;Heike;20;Fraktion der Christlich Demokratischen Union/Christlich - Sozialen Union;Heike Brehmer;HeikeBrehmerMdB;person;1;;
11005032;Breilmann;Michael;20;Fraktion der Christlich Demokratischen Union/Christlich - Sozialen Union;Michael Breilmann;m_breilmann;person;1;;
11004683;Breymaier;Leni;20;Fraktion der Sozialdemokratischen Partei Deutschlands;Leni Breymaier;LeniBreymaier;person;1;;
11004021;Brinkhaus;Ralph;20;Fraktion der Christlich Demokratischen Union/Christlich - Sozialen Union;Ralph Brinkhaus;rbrinkhaus;person;1;;
11004684;Brodesser;Carsten;20;Fraktion der Christlich Demokratischen Union/Christlich - Sozialen Union;Carsten Brodesser;NA;person;NA;;
11005033;Bröhr;Marlon;20;Fraktion der Christlich Demokratischen Union/Christlich - Sozialen Union;Marlon Bröhr;therealmarlonb1;person;1;;
11004106;Brugger;Agnieszka;20;Fraktion BÜNDNIS 90/DIE GRÜNEN;Agnieszka Brugger;cagnieszka_mdb;person;1;;
11005034;Bsirske;Frank;20;Fraktion BÜNDNIS 90/DIE GRÜNEN;Frank Bsirske;cFBsirske;person;1;;
11004956;Bubendorfer-Licht;Sandra;20;Fraktion der Freien Demokratischen Partei;Sandra Bubendorfer-Licht;Bubendorferfdp;person;1;;
11004686;Budde;Katrin;20;Fraktion der Sozialdemokratischen Partei Deutschlands;Katrin Budde;NA;person;NA;;
11004687;Bühl;Marcus;20;Alternative für Deutschland;Marcus Bühl;Marcus_Buehl;person;1;;
11005289;Bünger;Clara;20;Fraktion DIE LINKE.;Clara Bünger;C_AB_;person;1;;
11005035;Bury;Yannick;20;Fraktion der Christlich Demokratischen Union/Christlich - Sozialen Union;Yannick Bury;YannickBury;person;1;;
11004023;Buschmann;Marco;20;Fraktion der Freien Demokratischen Partei;Marco Buschmann;MarcoBuschmann;person;1;;
11004690;Busen;Karlheinz;20;Fraktion der Freien Demokratischen Partei;Karlheinz Busen;busen_mdb;person;1;;
11004692;Bystron;Petr;20;Alternative für Deutschland;Petr Bystron;PetrBystronAfD;person;1;;
11005036;Cademartori Dujisin;Isabel;20;Fraktion der Sozialdemokratischen Partei Deutschlands;Isabel Cademartori Dujisin;isacademartori;person;1;;
11004257;Castellucci;Lars;20;Fraktion der Sozialdemokratischen Partei Deutschlands;Lars Castellucci;larscastellucci;person;1;;
11004694;Christmann;Anna;20;Fraktion BÜNDNIS 90/DIE GRÜNEN;Anna Christmann;annachristmann;person;1;;
11004695;Chrupalla;Tino;20;Alternative für Deutschland;Tino Chrupalla;Tino_Chrupalla;person;1;;
11003514;Connemann;Gitta;20;Fraktion der Christlich Demokratischen Union/Christlich - Sozialen Union;Gitta Connemann;gitta_connemann;person;1;;
11004639;Coße;Jürgen;20;Fraktion der Sozialdemokratischen Partei Deutschlands;Jürgen Coße;juergencosse;person;1;;
11004696;Cotar;Joana;20;Alternative für Deutschland;Joana Cotar;JoanaCotar;person;1;;
11004697;Cronenberg;Carl-Julius;20;Fraktion der Freien Demokratischen Partei;Carl-Julius Cronenberg;cjcronenberg;person;1;;
11004698;Curio;Gottfried;20;Alternative für Deutschland;Gottfried Curio;GottfriedCurio;person;1;;
11005037;Czaja;Mario;20;Fraktion der Christlich Demokratischen Union/Christlich - Sozialen Union;Mario Czaja;MarioCzaja;person;1;;
11003746;Dağdelen;Sevim;20;Fraktion DIE LINKE.;Sevim Dağdelen;SevimDagdelen;person;1;;
11004962;Dahmen;Janosch;20;Fraktion BÜNDNIS 90/DIE GRÜNEN;Janosch Dahmen;janoschdahmen;person;1;;
11004258;Daldrup;Bernhard;20;Fraktion der Sozialdemokratischen Partei Deutschlands;Bernhard Daldrup;BernhardDaldrup;person;1;;
11004699;Damerow;Astrid;20;Fraktion der Christlich Demokratischen Union/Christlich - Sozialen Union;Astrid Damerow;NA;person;NA;;
11003068;Deligöz;Ekin;20;Fraktion BÜNDNIS 90/DIE GRÜNEN;Ekin Deligöz;ekindeligoez;person;1;;
11005038;Demir;Hakan;20;Fraktion der Sozialdemokratischen Partei Deutschlands;Hakan Demir;HakanDemirNK;person;1;;
11005039;Detzer;Sandra;20;Fraktion BÜNDNIS 90/DIE GRÜNEN;Sandra Detzer;detzer_sandra;person;1;;
11004259;Diaby;Karamba;20;Fraktion der Sozialdemokratischen Partei Deutschlands;Karamba Diaby;KarambaDiaby;person;1;;
11005040;Diedenhofen;Martin;20;Fraktion der Sozialdemokratischen Partei Deutschlands;Martin Diedenhofen;MDiedenhofen;person;1;;
11005041;Dieren;Jan;20;Fraktion der Sozialdemokratischen Partei Deutschlands;Jan Dieren;JanUlrichDieren;person;1;;
11005042;Dietz;Thomas;20;Alternative für Deutschland;Thomas Dietz;ThomasDietz_MdB;person;1;;
11004701;Dilcher;Esther;20;Fraktion der Sozialdemokratischen Partei Deutschlands;Esther Dilcher;NA;person;NA;;
11004261;Dittmar;Sabine;20;Fraktion der Sozialdemokratischen Partei Deutschlands;Sabine Dittmar;dittmarsabine;person;1;;
11004029;Djir-Sarai;Bijan;20;Fraktion der Freien Demokratischen Partei;Bijan Djir-Sarai;DjirSarai;person;1;;
11003516;Dobrindt;Alexander;20;Fraktion der Christlich Demokratischen Union/Christlich - Sozialen Union;Alexander Dobrindt;NA;person;NA;;
11004703;Domscheit-Berg;Anke;20;Fraktion DIE LINKE.;Anke Domscheit-Berg;anked;person;1;;
11004262;Donth;Michael;20;Fraktion der Christlich Demokratischen Union/Christlich - Sozialen Union;Michael Donth;NA;person;NA;;
11005043;Döring;Felix;20;Fraktion der Sozialdemokratischen Partei Deutschlands;Felix Döring;NA;person;NA;;
11004263;Dröge;Katharina;20;Fraktion BÜNDNIS 90/DIE GRÜNEN;Katharina Dröge;katdro;person;1;;
11005044;Droßmann;Falko;20;Fraktion der Sozialdemokratischen Partei Deutschlands;Falko Droßmann;NA;person;NA;;
11005045;Düring;Deborah;20;Fraktion BÜNDNIS 90/DIE GRÜNEN;Deborah Düring;DeborahDuering;person;1;;
11004705;Dürr;Christian;20;Fraktion der Freien Demokratischen Partei;Christian Dürr;christianduerr;person;1;;
11004264;Durz;Hansjörg;20;Fraktion der Christlich Demokratischen Union/Christlich - Sozialen Union;Hansjörg Durz;Hansjoerg_Durz;person;1;;
11004215;Ebner;Harald;20;Fraktion BÜNDNIS 90/DIE GRÜNEN;Harald Ebner;ebner_sha;person;1;;
11005046;Echeverria;Axel;20;Fraktion der Sozialdemokratischen Partei Deutschlands;Axel Echeverria;NA;person;NA;;
11005047;Eckert;Leon;20;Fraktion BÜNDNIS 90/DIE GRÜNEN;Leon Eckert;Leckert_;person;1;;
11005048;Edelhäußer;Ralph;20;Fraktion der Christlich Demokratischen Union/Christlich - Sozialen Union;Ralph Edelhäußer;NA;person;NA;;
11004707;Ehrhorn;Thomas;20;Alternative für Deutschland;Thomas Ehrhorn;Thomas_Ehrhorn;person;1;;
11005049;Eichwede;Sonja;20;Fraktion der Sozialdemokratischen Partei Deutschlands;Sonja Eichwede;sonjaeichwede;person;1;;
11004969;Emmerich;Marcel;20;Fraktion BÜNDNIS 90/DIE GRÜNEN;Marcel Emmerich;herr_emmerich;person;1;;
11005050;Engelhard;Alexander;20;Fraktion der Christlich Demokratischen Union/Christlich - Sozialen Union;Alexander Engelhard;NA;person;NA;;
11005051;Engelhardt;Heike;20;Fraktion der Sozialdemokratischen Partei Deutschlands;Heike Engelhardt;HERavensburg;person;1;;
11005052;Englhardt-Kopf;Martina;20;Fraktion der Christlich Demokratischen Union/Christlich - Sozialen Union;Martina Englhardt-Kopf;EnglhardtKopf;person;0;;
11004709;Erndl;Thomas;20;Fraktion der Christlich Demokratischen Union/Christlich - Sozialen Union;Thomas Erndl;TErndl;person;1;;
11003753;Ernst;Klaus;20;Fraktion DIE LINKE.;Klaus Ernst;ernst_klaus;person;1;;
11004710;Esdar;Wiebke;20;Fraktion der Sozialdemokratischen Partei Deutschlands;Wiebke Esdar;wiebkeesdar1;person;1;;
11004267;Esken;Saskia;20;Fraktion der Sozialdemokratischen Partei Deutschlands;Saskia Esken;EskenSaskia;person;1;;
11004711;Espendiller;Michael;20;Alternative für Deutschland;Michael Espendiller;DrMEspendiller;person;1;;
11004712;Faber;Marcus;20;Fraktion der Freien Demokratischen Partei;Marcus Faber;MarcusFaber;person;1;;
11004713;Fahimi;Yasmin;20;Fraktion der Sozialdemokratischen Partei Deutschlands;Yasmin Fahimi;FahimiYasmin;person;1;;
11004269;Färber;Hermann;20;Fraktion der Christlich Demokratischen Union/Christlich - Sozialen Union;Hermann Färber;NA;person;NA;;
11005053;Farle;Robert;20;Alternative für Deutschland;Robert Farle;robert_farle;person;1;;
11005054;Fäscher;Ariane;20;Fraktion der Sozialdemokratischen Partei Deutschlands;Ariane Fäscher;ArianeFaescher;person;1;;
11004270;Fechner;Johannes;20;Fraktion der Sozialdemokratischen Partei Deutschlands;Johannes Fechner;FechnerJohannes;person;0;;
11004271;Feiler;Uwe;20;Fraktion der Christlich Demokratischen Union/Christlich - Sozialen Union;Uwe Feiler;UweFe;person;0;;
11004714;Felser;Peter;20;Alternative für Deutschland;Peter Felser;PeterFelser;person;1;;
11003525;Ferlemann;Enak;20;Fraktion der Christlich Demokratischen Union/Christlich - Sozialen Union;Enak Ferlemann;NA;person;NA;;
11004715;Ferschl;Susanne;20;Fraktion DIE LINKE.;Susanne Ferschl;SusanneFerschl;person;1;;
11005055;Fester;Emilia;20;Fraktion BÜNDNIS 90/DIE GRÜNEN;Emilia Fester;emiliafester;person;1;;
11005056;Fiedler;Sebastian;20;Fraktion der Sozialdemokratischen Partei Deutschlands;Sebastian Fiedler;fiedelseb;person;1;;
11004716;Föst;Daniel;20;Fraktion der Freien Demokratischen Partei;Daniel Föst;DFoest;person;1;;
11004033;Franke;Edgar;20;Fraktion der Sozialdemokratischen Partei Deutschlands;Edgar Franke;FrankeEdgar;person;1;;
11004276;Frei;Thorsten;20;Fraktion der Christlich Demokratischen Union/Christlich - Sozialen Union;Thorsten Frei;thorsten_frei;person;1;;
11003530;Fricke;Otto;20;Fraktion der Freien Demokratischen Partei;Otto Fricke;Otto_Fricke;person;1;;
11004719;Friedhoff;Dietmar;20;Alternative für Deutschland;Dietmar Friedhoff;dietmarfriedho1;person;1;;
11003124;Friedrich;Hans-Peter;20;Fraktion der Christlich Demokratischen Union/Christlich - Sozialen Union;Hans-Peter Friedrich;HPFriedrichCSU;person;1;;
11004034;Frieser;Michael;20;Fraktion der Christlich Demokratischen Union/Christlich - Sozialen Union;Michael Frieser;MichaelFrieser;person;1;;
11004721;Frohnmaier;Markus;20;Alternative für Deutschland;Markus Frohnmaier;Frohnmaier_AfD;person;1;;
11004722;Frömming;Götz;20;Alternative für Deutschland;Götz Frömming;GtzFrmming;person;1;;
11005057;Funke;Fabian;20;Fraktion der Sozialdemokratischen Partei Deutschlands;Fabian Funke;funke_fabian;person;1;;
11005058;Funke-Kaiser;Maximilian;20;Fraktion der Freien Demokratischen Partei;Maximilian Funke-Kaiser;max_fksr;person;1;;
11004036;Gädechens;Ingo;20;Fraktion der Christlich Demokratischen Union/Christlich - Sozialen Union;Ingo Gädechens;gadechens;person;1;;
11005059;Gambir;Schahina;20;Fraktion BÜNDNIS 90/DIE GRÜNEN;Schahina Gambir;schahinag;person;0;;
11005060;Ganserer;Tessa;20;Fraktion BÜNDNIS 90/DIE GRÜNEN;Tessa Ganserer;GansGruen;person;1;;
11005061;Gassner-Herz;Martin;20;Fraktion der Freien Demokratischen Partei;Martin Gassner-Herz;MartinGassner;person;1;;
11004278;Gastel;Matthias;20;Fraktion BÜNDNIS 90/DIE GRÜNEN;Matthias Gastel;MatthiasGastel;person;0;;
11004724;Gauland;Alexander;20;Alternative für Deutschland;Alexander Gauland;AlexGauland;person;0;;
11005062;Gava;Manuel;20;Fraktion der Sozialdemokratischen Partei Deutschlands;Manuel Gava;NA;person;NA;;
11004038;Gebhart;Thomas;20;Fraktion der Christlich Demokratischen Union/Christlich - Sozialen Union;Thomas Gebhart;thomasgebhart;person;1;;
11003756;Gehring;Kai;20;Fraktion BÜNDNIS 90/DIE GRÜNEN;Kai Gehring;KaiGehring;person;1;;
11005063;Geissler;Jonas;20;Fraktion der Christlich Demokratischen Union/Christlich - Sozialen Union;Jonas Geissler;GeisslerJonas;person;1;;
11004726;Gelbhaar;Stefan;20;Fraktion BÜNDNIS 90/DIE GRÜNEN;Stefan Gelbhaar;StefanGelbhaar;person;1;;
11004039;Gerdes;Michael;20;Fraktion der Sozialdemokratischen Partei Deutschlands;Michael Gerdes;GerdesMdB;person;0;;
11005064;Gerschau;Knut;20;Fraktion der Freien Demokratischen Partei;Knut Gerschau;Knut_Abraham;person;1;;
11003758;Gerster;Martin;20;Fraktion der Sozialdemokratischen Partei Deutschlands;Martin Gerster;NA;person;NA;;
11005065;Gesenhues;Jan-Niclas;20;Fraktion BÜNDNIS 90/DIE GRÜNEN;Jan-Niclas Gesenhues;JN_Gesenhues;person;1;;
11004727;Glaser;Albrecht;20;Alternative für Deutschland;Albrecht Glaser;GlaserMdb;person;1;;
11004614;Glöckner;Angelika;20;Fraktion der Sozialdemokratischen Partei Deutschlands;Angelika Glöckner;A_Gloeckner;person;1;;
11005066;Gnauck;Hannes;20;Alternative für Deutschland;Hannes Gnauck;Hannes_Gnauck;person;1;;
11004041;Gohlke;Nicole;20;Fraktion DIE LINKE.;Nicole Gohlke;NicoleGohlke;person;1;;
11003132;Göring-Eckardt;Katrin;20;Fraktion BÜNDNIS 90/DIE GRÜNEN;Katrin Göring-Eckardt;GoeringEckardt;person;1;;
11005067;Görke;Christian;20;Fraktion DIE LINKE.;Christian Görke;goerke_c;person;1;;
11004731;Gottschalk;Kay;20;Alternative für Deutschland;Kay Gottschalk;KayGottschalk1;person;0;;
11005068;Gramling;Fabian;20;Fraktion der Christlich Demokratischen Union/Christlich - Sozialen Union;Fabian Gramling;FabianGramling;person;1;;
11005069;Gräßle;Ingeborg;20;Fraktion der Christlich Demokratischen Union/Christlich - Sozialen Union;Ingeborg Gräßle;inge_graessle;person;1;;
11005070;Grau;Armin;20;Fraktion BÜNDNIS 90/DIE GRÜNEN;Armin Grau;ArminGrau;person;1;;
11004732;Gremmels;Timon;20;Fraktion der Sozialdemokratischen Partei Deutschlands;Timon Gremmels;Timon_Gremmels;person;1;;
11003440;Griese;Kerstin;20;Fraktion der Sozialdemokratischen Partei Deutschlands;Kerstin Griese;KerstinGriese;person;1;;
11002666;Gröhe;Hermann;20;Fraktion der Christlich Demokratischen Union/Christlich - Sozialen Union;Hermann Gröhe;groehe;person;1;;
11003541;Grosse-Brömer;Michael;20;Fraktion der Christlich Demokratischen Union/Christlich - Sozialen Union;Michael Grosse-Brömer;MGrosseBroemer;person;1;;
11004282;Grötsch;Uli;20;Fraktion der Sozialdemokratischen Partei Deutschlands;Uli Grötsch;UliGroetsch;person;1;;
11003542;Grübel;Markus;20;Fraktion der Christlich Demokratischen Union/Christlich - Sozialen Union;Markus Grübel;GruebelMdb;person;1;;
11002667;Grund;Manfred;20;Fraktion der Christlich Demokratischen Union/Christlich - Sozialen Union;Manfred Grund;NA;person;NA;;
11004733;Grundl;Erhard;20;Fraktion BÜNDNIS 90/DIE GRÜNEN;Erhard Grundl;Erhard_Grundl;person;1;;
11004283;Grundmann;Oliver;20;Fraktion der Christlich Demokratischen Union/Christlich - Sozialen Union;Oliver Grundmann;NA;person;NA;;
11003761;Grütters;Monika;20;Fraktion der Christlich Demokratischen Union/Christlich - Sozialen Union;Monika Grütters;NA;person;NA;;
11005071;Grützmacher;Sabine;20;Fraktion BÜNDNIS 90/DIE GRÜNEN;Sabine Grützmacher;S_Gruetzmacher;person;1;;
11005072;Güler;Serap;20;Fraktion der Christlich Demokratischen Union/Christlich - Sozialen Union;Serap Güler;SerapGueler;person;1;;
11004285;Güntzler;Fritz;20;Fraktion der Christlich Demokratischen Union/Christlich - Sozialen Union;Fritz Güntzler;FGuentzler;person;1;;
11005073;Gürpinar;Ates;20;Fraktion DIE LINKE.;Ates Gürpinar;AtesGuerpinar;person;1;;
11003544;Gutting;Olav;20;Fraktion der Christlich Demokratischen Union/Christlich - Sozialen Union;Olav Gutting;olavgutting;person;1;;
11000756;Gysi;Gregor;20;Fraktion DIE LINKE.;Gregor Gysi;GregorGysi;person;1;;
11004286;Haase;Christian;20;Fraktion der Christlich Demokratischen Union/Christlich - Sozialen Union;Christian Haase;ChristianHaase6;person;1;;
11005074;Habeck;Robert;20;Fraktion BÜNDNIS 90/DIE GRÜNEN;Robert Habeck;NA;person;NA;;
11004734;Hacker;Thomas;20;Fraktion der Freien Demokratischen Partei;Thomas Hacker;hacker_fdp;person;1;;
11003545;Hagedorn;Bettina;20;Fraktion der Sozialdemokratischen Partei Deutschlands;Bettina Hagedorn;NA;person;NA;;
11004287;Hagl-Kehl;Rita;20;Fraktion der Sozialdemokratischen Partei Deutschlands;Rita Hagl-Kehl;RitaHaglKehl;person;1;;
11004048;Hahn;Florian;20;Fraktion der Christlich Demokratischen Union/Christlich - Sozialen Union;Florian Hahn;hahnflo;person;1;;
11004288;Hahn;André;20;Fraktion DIE LINKE.;André Hahn;NA;person;NA;;
11004289;Hakverdi;Metin;20;Fraktion der Sozialdemokratischen Partei Deutschlands;Metin Hakverdi;MetinHakverdi;person;1;;
11004952;Hanke;Reginald;20;Fraktion der Freien Demokratischen Partei;Reginald Hanke;NA;person;NA;;
11004736;Harder-Kühnel;Mariana Iris;20;Alternative für Deutschland;Mariana Iris Harder-Kühnel;M_HarderKuehnel;person;1;;
11004050;Hardt;Jürgen;20;Fraktion der Christlich Demokratischen Union/Christlich - Sozialen Union;Jürgen Hardt;juergenhardt;person;1;;
11005075;Hartewig;Philipp;20;Fraktion der Freien Demokratischen Partei;Philipp Hartewig;philipphartewig;person;1;;
11004291;Hartmann;Sebastian;20;Fraktion der Sozialdemokratischen Partei Deutschlands;Sebastian Hartmann;sebast_hartmann;person;1;;
11005076;Harzer;Ulrike;20;Fraktion der Freien Demokratischen Partei;Ulrike Harzer;HarzerUlrike;person;1;;
11003764;Haßelmann;Britta;20;Fraktion BÜNDNIS 90/DIE GRÜNEN;Britta Haßelmann;BriHasselmann;person;1;;
11004292;Hauer;Matthias;20;Fraktion der Christlich Demokratischen Union/Christlich - Sozialen Union;Matthias Hauer;MatthiasHauer;person;1;;
11004739;Haug;Jochen;20;Alternative für Deutschland;Jochen Haug;Jochen_Haug;person;1;;
11004294;Heck;Stefan;20;Fraktion der Christlich Demokratischen Union/Christlich - Sozialen Union;Stefan Heck;StHeck;person;1;;
11004295;Heidenblut;Dirk;20;Fraktion der Sozialdemokratischen Partei Deutschlands;Dirk Heidenblut;NA;person;NA;;
11004948;Heidt;Peter;20;Fraktion der Freien Demokratischen Partei;Peter Heidt;PeterHeidtFDP;person;1;;
11003142;Heil;Hubertus;20;Fraktion der Sozialdemokratischen Partei Deutschlands;Hubertus Heil;hubertus_heil;person;1;;
11004052;Heil;Mechthild;20;Fraktion der Christlich Demokratischen Union/Christlich - Sozialen Union;Mechthild Heil;MechthildHeil;person;1;;
11005077;Heiligenstadt;Frauke;20;Fraktion der Sozialdemokratischen Partei Deutschlands;Frauke Heiligenstadt;FHeiligenstadt;person;1;;
11004741;Heilmann;Thomas;20;Fraktion der Christlich Demokratischen Union/Christlich - Sozialen Union;Thomas Heilmann;ThomasHeilmann;person;1;;
11004296;Heinrich;Gabriela;20;Fraktion der Sozialdemokratischen Partei Deutschlands;Gabriela Heinrich;GaHeinrich;person;1;;
11005078;Heitmann;Linda;20;Fraktion BÜNDNIS 90/DIE GRÜNEN;Linda Heitmann;linda_lobster;person;1;;
11005079;Helferich;Matthias;20;Fraktionslos;Matthias Helferich;MatthiasMdb;person;1;;
11004298;Helfrich;Mark;20;Fraktion der Christlich Demokratischen Union/Christlich - Sozialen Union;Mark Helfrich;NA;person;NA;;
11004742;Helling-Plahr;Katrin;20;Fraktion der Freien Demokratischen Partei;Katrin Helling-Plahr;KatrinHelling;person;1;;
11004226;Hellmich;Wolfgang;20;Fraktion der Sozialdemokratischen Partei Deutschlands;Wolfgang Hellmich;HellmichMdB;person;1;;
11005080;Henneberger;Kathrin;20;Fraktion BÜNDNIS 90/DIE GRÜNEN;Kathrin Henneberger;KathrinAnna;person;1;;
11005081;Hennig;Anke;20;Fraktion der Sozialdemokratischen Partei Deutschlands;Anke Hennig;AnkeHennigSPD;person;1;;
11005082;Hennig-Wellsow;Susanne;20;Fraktion DIE LINKE.;Susanne Hennig-Wellsow;SusanneHennig;person;1;;
11003551;Hennrich;Michael;20;Fraktion der Christlich Demokratischen Union/Christlich - Sozialen Union;Michael Hennrich;MichaelHennric2;person;0;;
11004744;Henrichmann;Marc;20;Fraktion der Christlich Demokratischen Union/Christlich - Sozialen Union;Marc Henrichmann;MarcHenrichmann;person;1;;
11004745;Herbrand;Markus;20;Fraktion der Freien Demokratischen Partei;Markus Herbrand;HerbrandMarkus;person;1;;
11004746;Herbst;Torsten;20;Fraktion der Freien Demokratischen Partei;Torsten Herbst;torstenherbst;person;1;;
11005083;Herrmann;Bernhard;20;Fraktion BÜNDNIS 90/DIE GRÜNEN;Bernhard Herrmann;BHerrmann_;person;1;;
11005084;Heselhaus;Nadine;20;Fraktion der Sozialdemokratischen Partei Deutschlands;Nadine Heselhaus;NHeselhaus;person;1;;
11004749;Hess;Martin;20;Alternative für Deutschland;Martin Hess;Martin_Hess_AfD;person;1;;
11004750;Hessel;Katja;20;Fraktion der Freien Demokratischen Partei;Katja Hessel;fdp_hessel;person;1;;
11004056;Heveling;Ansgar;20;Fraktion der Christlich Demokratischen Union/Christlich - Sozialen Union;Ansgar Heveling;NA;person;NA;;
11005085;Hierl;Susanne;20;Fraktion der Christlich Demokratischen Union/Christlich - Sozialen Union;Susanne Hierl;HierlSusanne;person;1;;
11004752;Hilse;Karsten;20;Alternative für Deutschland;Karsten Hilse;HilseMdb;person;1;;
11003890;Hirte;Christian;20;Fraktion der Christlich Demokratischen Union/Christlich - Sozialen Union;Christian Hirte;ChristianHirte;person;1;;
11004303;Hitschler;Thomas;20;Fraktion der Sozialdemokratischen Partei Deutschlands;Thomas Hitschler;ThomasHitschler;person;1;;
11004753;Höchst;Nicole;20;Alternative für Deutschland;Nicole Höchst;Nicole_Hoechst;person;1;;
11004754;Hocker;Gero Clemens;20;Fraktion der Freien Demokratischen Partei;Gero Clemens Hocker;GeroHocker;person;1;;
11004057;Höferlin;Manuel;20;Fraktion der Freien Demokratischen Partei;Manuel Höferlin;ManuelHoeferlin;person;1;;
11004304;Hoffmann;Alexander;20;Fraktion der Christlich Demokratischen Union/Christlich - Sozialen Union;Alexander Hoffmann;Hoffmann_MdB;person;1;;
11004756;Hoffmann;Bettina;20;Fraktion BÜNDNIS 90/DIE GRÜNEN;Bettina Hoffmann;bhoffmann_mdb;person;1;;
11004757;Hoffmann;Christoph;20;Fraktion der Freien Demokratischen Partei;Christoph Hoffmann;HoffmannForest;person;1;;
11003772;Hofreiter;Anton;20;Fraktion BÜNDNIS 90/DIE GRÜNEN;Anton Hofreiter;ToniHofreiter;person;0;;
11004761;Holm;Leif-Erik;20;Alternative für Deutschland;Leif-Erik Holm;Leif_Erik_Holm;person;1;;
11005086;Hönel;Bruno;20;Fraktion BÜNDNIS 90/DIE GRÜNEN;Bruno Hönel;Bruno_Hoenel;person;1;;
11004305;Hoppenstedt;Hendrik;20;Fraktion der Christlich Demokratischen Union/Christlich - Sozialen Union;Hendrik Hoppenstedt;NA;person;NA;;
11005087;Hoppermann;Franziska;20;Fraktion der Christlich Demokratischen Union/Christlich - Sozialen Union;Franziska Hoppermann;FHoppermann;person;1;;
11005088;Hostert;Jasmina;20;Fraktion der Sozialdemokratischen Partei Deutschlands;Jasmina Hostert;JasminaHoster;person;1;;
11004763;Houben;Reinhard;20;Fraktion der Freien Demokratischen Partei;Reinhard Houben;HoubenReinhard;person;1;;
11004764;Huber;Johannes;20;Alternative für Deutschland;Johannes Huber;Huber_AfD;person;0;;
11005089;Hubertz;Verena;20;Fraktion der Sozialdemokratischen Partei Deutschlands;Verena Hubertz;verenahubertz;person;1;;
11005090;Hümpfer;Markus;20;Fraktion der Sozialdemokratischen Partei Deutschlands;Markus Hümpfer;HumpferMarkus;person;0;;
11004060;Hunko;Andrej;20;Fraktion DIE LINKE.;Andrej Hunko;AndrejHunko;person;1;;
11000975;Hüppe;Hubert;20;Fraktion der Christlich Demokratischen Union/Christlich - Sozialen Union;Hubert Hüppe;HueppeMdB;person;1;;
11005091;Huy;Gerrit;20;Alternative für Deutschland;Gerrit Huy;GerritHuy;person;1;;
11004667;In der Beek;Olaf;20;Fraktion der Freien Demokratischen Partei;Olaf In der Beek;olafinderbeek;person;1;;
11004311;Irlstorfer;Erich;20;Fraktion der Christlich Demokratischen Union/Christlich - Sozialen Union;Erich Irlstorfer;NA;person;NA;;
11004767;Jacobi;Fabian;20;Alternative für Deutschland;Fabian Jacobi;NA;person;NA;;
11004312;Janecek;Dieter;20;Fraktion BÜNDNIS 90/DIE GRÜNEN;Dieter Janecek;DJanecek;person;1;;
11005092;Janich;Steffen;20;Alternative für Deutschland;Steffen Janich;NA;person;NA;;
11005093;Janssen;Anne;20;Fraktion der Christlich Demokratischen Union/Christlich - Sozialen Union;Anne Janssen;NA;person;NA;;
11004061;Jarzombek;Thomas;20;Fraktion der Christlich Demokratischen Union/Christlich - Sozialen Union;Thomas Jarzombek;tj_tweets;person;1;;
11004941;Jensen;Gyde;20;Fraktion der Freien Demokratischen Partei;Gyde Jensen;GydeJ;person;1;;
11004768;Jongen;Marc;20;Alternative für Deutschland;Marc Jongen;Marc_Jongen;person;1;;
11003780;Jung;Andreas;20;Fraktion der Christlich Demokratischen Union/Christlich - Sozialen Union;Andreas Jung;NA;person;NA;;
11004770;Jung;Ingmar;20;Fraktion der Christlich Demokratischen Union/Christlich - Sozialen Union;Ingmar Jung;Ingmar_Jung;person;1;;
11004317;Junge;Frank;20;Fraktion der Sozialdemokratischen Partei Deutschlands;Frank Junge;jungeinberlin;person;1;;
11003782;Juratovic;Josip;20;Fraktion der Sozialdemokratischen Partei Deutschlands;Josip Juratovic;josip_juratovic;person;1;;
11005094;Jurisch;Ann-Veruschka;20;Fraktion der Freien Demokratischen Partei;Ann-Veruschka Jurisch;avjurisch;person;1;;
11004063;Kaczmarek;Oliver;20;Fraktion der Sozialdemokratischen Partei Deutschlands;Oliver Kaczmarek;KaczmarekOliver;person;1;;
11005095;Kaddor;Lamya;20;Fraktion BÜNDNIS 90/DIE GRÜNEN;Lamya Kaddor;LamyaKaddor;person;1;;
11004771;Kaiser;Elisabeth;20;Fraktion der Sozialdemokratischen Partei Deutschlands;Elisabeth Kaiser;Kaiser_SPD;person;1;;
11004773;Kappert-Gonther;Kirsten;20;Fraktion BÜNDNIS 90/DIE GRÜNEN;Kirsten Kappert-Gonther;KirstenKappert;person;1;;
11005096;Karaahmetoğlu;Macit;20;Fraktion der Sozialdemokratischen Partei Deutschlands;Macit Karaahmetoğlu;Macit_SPD;person;1;;
11004323;Karliczek;Anja;20;Fraktion der Christlich Demokratischen Union/Christlich - Sozialen Union;Anja Karliczek;AnjaKarliczek;person;1;;
11005097;Kasper;Carlos;20;Fraktion der Sozialdemokratischen Partei Deutschlands;Carlos Kasper;CarlosKasperMdB;person;1;;
11005098;Kassautzki;Anna;20;Fraktion der Sozialdemokratischen Partei Deutschlands;Anna Kassautzki;annakassautzki;person;1;;
11004325;Katzmarek;Gabriele;20;Fraktion der Sozialdemokratischen Partei Deutschlands;Gabriele Katzmarek;GabyKatzmarek;person;1;;
11005099;Kaufmann;Malte;20;Alternative für Deutschland;Malte Kaufmann;MalteKaufmann;person;1;;
11005100;Kaufmann;Michael;20;Alternative für Deutschland;Michael Kaufmann;KaufmannAfD;person;1;;
11005101;Keller;Rainer Johannes;20;Fraktion der Sozialdemokratischen Partei Deutschlands;Rainer Johannes Keller;RainerKellerWES;person;1;;
11005102;Kellner;Michael;20;Fraktion BÜNDNIS 90/DIE GRÜNEN;Michael Kellner;MiKellner;person;1;;
11004617;Kemmer;Ronja;20;Fraktion der Christlich Demokratischen Union/Christlich - Sozialen Union;Ronja Kemmer;RonjaKemmer;person;1;;
11005103;Kersten;Franziska;20;Fraktion der Sozialdemokratischen Partei Deutschlands;Franziska Kersten;FKerstenMdB;person;1;;
11004067;Keul;Katja;20;Fraktion BÜNDNIS 90/DIE GRÜNEN;Katja Keul;KatjaKeul;person;1;;
11004778;Keuter;Stefan;20;Alternative für Deutschland;Stefan Keuter;StefanKeuterAfD;person;1;;
11005104;Khan;Misbah;20;Fraktion BÜNDNIS 90/DIE GRÜNEN;Misbah Khan;Bina_Khan_;person;1;;
11004779;Kießling;Michael;20;Fraktion der Christlich Demokratischen Union/Christlich - Sozialen Union;Michael Kießling;Kiessling_MdB;person;1;;
11004068;Kiesewetter;Roderich;20;Fraktion der Christlich Demokratischen Union/Christlich - Sozialen Union;Roderich Kiesewetter;RKiesewetter;person;1;;
11004070;Kindler;Sven-Christian;20;Fraktion BÜNDNIS 90/DIE GRÜNEN;Sven-Christian Kindler;sven_kindler;person;1;;
11004327;Kippels;Georg;20;Fraktion der Christlich Demokratischen Union/Christlich - Sozialen Union;Georg Kippels;NA;person;NA;;
11003786;Kipping;Katja;20;Fraktion DIE LINKE.;Katja Kipping;katjakipping;person;NA;;
11004328;Kiziltepe;Cansel;20;Fraktion der Sozialdemokratischen Partei Deutschlands;Cansel Kiziltepe;CanselK;person;1;;
11005105;Kleebank;Helmut;20;Fraktion der Sozialdemokratischen Partei Deutschlands;Helmut Kleebank;helmut_kleebank;person;0;;
11004071;Klein;Volkmar;20;Fraktion der Christlich Demokratischen Union/Christlich - Sozialen Union;Volkmar Klein;VolkmarKlein;person;0;;
11004780;Klein;Karsten;20;Fraktion der Freien Demokratischen Partei;Karsten Klein;MdBKlein;person;1;;
11005106;Klein;Ottilie;20;Fraktion der Christlich Demokratischen Union/Christlich - Sozialen Union;Ottilie Klein;Ottilie_Klein;person;1;;
11004072;Klein-Schmeink;Maria;20;Fraktion BÜNDNIS 90/DIE GRÜNEN;Maria Klein-Schmeink;MariaKlSchmeink;person;1;;
11004781;Kleinwächter;Norbert;20;Alternative für Deutschland;Norbert Kleinwächter;NKleinwaechter;person;1;;
11005107;Klinck;Kristian;20;Fraktion der Sozialdemokratischen Partei Deutschlands;Kristian Klinck;NA;person;NA;;
11003715;Klingbeil;Lars;20;Fraktion der Sozialdemokratischen Partei Deutschlands;Lars Klingbeil;larsklingbeil;person;1;;
11003566;Klöckner;Julia;20;Fraktion der Christlich Demokratischen Union/Christlich - Sozialen Union;Julia Klöckner;JuliaKloeckner;person;1;;
11005108;Klose;Annika;20;Fraktion der Sozialdemokratischen Partei Deutschlands;Annika Klose;AnniKlose;person;1;;
11004784;Kluckert;Daniela;20;Fraktion der Freien Demokratischen Partei;Daniela Kluckert;DanielaKluckert;person;1;;
11005109;Klüssendorf;Tim;20;Fraktion der Sozialdemokratischen Partei Deutschlands;Tim Klüssendorf;timkluessendorf;person;0;;
11004073;Knoerig;Axel;20;Fraktion der Christlich Demokratischen Union/Christlich - Sozialen Union;Axel Knoerig;axel_knoerig;person;1;;
11004075;Kober;Pascal;20;Fraktion der Freien Demokratischen Partei;Pascal Kober;PascalKober;person;1;;
11003789;Koeppen;Jens;20;Fraktion der Christlich Demokratischen Union/Christlich - Sozialen Union;Jens Koeppen;NA;person;NA;;
11003710;Kofler;Bärbel;20;Fraktion der Sozialdemokratischen Partei Deutschlands;Bärbel Kofler;BaerbelKofler;person;1;;
11004786;Köhler;Lukas;20;Fraktion der Freien Demokratischen Partei;Lukas Köhler;koehler_fdp;person;0;;
11004787;Komning;Enrico;20;Alternative für Deutschland;Enrico Komning;EnricoKomning;person;1;;
11004788;König;Jörn;20;Alternative für Deutschland;Jörn König;JoernKoenigAfD;person;0;;
11005110;König;Anne;20;Fraktion der Christlich Demokratischen Union/Christlich - Sozialen Union;Anne König;AnneKoenig_;person;1;;
11004789;Konrad;Carina;20;Fraktion der Freien Demokratischen Partei;Carina Konrad;carina_konrad;person;1;;
11004331;Koob;Markus;20;Fraktion der Christlich Demokratischen Union/Christlich - Sozialen Union;Markus Koob;KoobMar;person;0;;
11005111;Kopf;Chantal;20;Fraktion BÜNDNIS 90/DIE GRÜNEN;Chantal Kopf;chantal_kopf;person;1;;
11004332;Körber;Carsten;20;Fraktion der Christlich Demokratischen Union/Christlich - Sozialen Union;Carsten Körber;CarstenKoerber;person;1;;
11003790;Korte;Jan;20;Fraktion DIE LINKE.;Jan Korte;jankortemdb;person;1;;
11005112;Koß;Simona;20;Fraktion der Sozialdemokratischen Partei Deutschlands;Simona Koß;SimonaMdB;person;1;;
11004791;Kotré;Steffen;20;Alternative für Deutschland;Steffen Kotré;SteffenKotre;person;1;;
11004792;Kraft;Rainer;20;Alternative für Deutschland;Rainer Kraft;Dr_Rainer_Kraft;person;1;;
11005113;Kraft;Laura;20;Fraktion BÜNDNIS 90/DIE GRÜNEN;Laura Kraft;laura_kraft_;person;1;;
11005114;Krämer;Philip;20;Fraktion BÜNDNIS 90/DIE GRÜNEN;Philip Krämer;PhiKraemer;person;1;;
11003162;Kramme;Anette;20;Fraktion der Sozialdemokratischen Partei Deutschlands;Anette Kramme;AnetteKramme;person;0;;
11005115;Kreiser;Dunja;20;Fraktion der Sozialdemokratischen Partei Deutschlands;Dunja Kreiser;NA;person;NA;;
11003573;Krichbaum;Gunther;20;Fraktion der Christlich Demokratischen Union/Christlich - Sozialen Union;Gunther Krichbaum;GuntherKrichba3;person;1;;
11003574;Krings;Günter;20;Fraktion der Christlich Demokratischen Union/Christlich - Sozialen Union;Günter Krings;guenterkrings;person;1;;
11004081;Krischer;Oliver;20;Fraktion BÜNDNIS 90/DIE GRÜNEN;Oliver Krischer;Oliver_Krischer;person;1;;
11005116;Kröber;Martin;20;Fraktion der Sozialdemokratischen Partei Deutschlands;Martin Kröber;MartinKroeber;person;0;;
11005117;Kruse;Michael;20;Fraktion der Freien Demokratischen Partei;Michael Kruse;krusehamburg;person;1;;
11005118;Kuban;Tilman;20;Fraktion der Christlich Demokratischen Union/Christlich - Sozialen Union;Tilman Kuban;TKuban96;person;1;;
11001235;Kubicki;Wolfgang;20;Fraktion der Freien Demokratischen Partei;Wolfgang Kubicki;NA;person;NA;;
11004796;Kuhle;Konstantin;20;Fraktion der Freien Demokratischen Partei;Konstantin Kuhle;KonstantinKuhle;person;1;;
11004333;Kühn;Christian;20;Fraktion BÜNDNIS 90/DIE GRÜNEN;Christian Kühn;ChrisKuehn_mdb;person;1;;
11005119;Kühnert;Kevin;20;Fraktion der Sozialdemokratischen Partei Deutschlands;Kevin Kühnert;KuehniKev;person;0;;
11003576;Künast;Renate;20;Fraktion BÜNDNIS 90/DIE GRÜNEN;Renate Künast;RenateKuenast;person;1;;
11003578;Kurth;Markus;20;Fraktion BÜNDNIS 90/DIE GRÜNEN;Markus Kurth;markuskurthmdb;person;1;;
11005120;Lahrkamp;Sarah;20;Fraktion der Sozialdemokratischen Partei Deutschlands;Sarah Lahrkamp;SLahrkamp;person;0;;
11004798;Lambsdorff;Alexander;20;Fraktion der Freien Demokratischen Partei;Alexander Lambsdorff;Lambsdorff;person;0;;
11005121;Lang;Ricarda;20;Fraktion BÜNDNIS 90/DIE GRÜNEN;Ricarda Lang;Ricarda_Lang;person;1;;
11004087;Lange;Ulrich;20;Fraktion der Christlich Demokratischen Union/Christlich - Sozialen Union;Ulrich Lange;UlrichLange;person;1;;
11005122;Larem;Andreas;20;Fraktion der Sozialdemokratischen Partei Deutschlands;Andreas Larem;andreaslarem;person;1;;
11002718;Laschet;Armin;20;Fraktion der Christlich Demokratischen Union/Christlich - Sozialen Union;Armin Laschet;ArminLaschet;person;1;;
11005123;Latendorf;Ina;20;Fraktion DIE LINKE.;Ina Latendorf;NA;person;NA;;
11004336;Launert;Silke;20;Fraktion der Christlich Demokratischen Union/Christlich - Sozialen Union;Silke Launert;SilkeLaunert;person;1;;
11003797;Lauterbach;Karl;20;Fraktion der Sozialdemokratischen Partei Deutschlands;Karl Lauterbach;Karl_Lauterbach;person;1;;
11004088;Lay;Caren;20;Fraktion DIE LINKE.;Caren Lay;CarenLay;person;1;;
11004799;Lechte;Ulrich;20;Fraktion der Freien Demokratischen Partei;Ulrich Lechte;ulrichlechte;person;1;;
11004800;Lehmann;Jens;20;Fraktion der Christlich Demokratischen Union/Christlich - Sozialen Union;Jens Lehmann;NA;person;NA;;
11004801;Lehmann;Sven;20;Fraktion BÜNDNIS 90/DIE GRÜNEN;Sven Lehmann;svenlehmann;person;1;;
11004953;Lehmann;Sylvia;20;Fraktion der Sozialdemokratischen Partei Deutschlands;Sylvia Lehmann;LehmannSpd;person;1;;
11003799;Lehrieder;Paul;20;Fraktion der Christlich Demokratischen Union/Christlich - Sozialen Union;Paul Lehrieder;NA;person;NA;;
11004337;Leikert;Katja;20;Fraktion der Christlich Demokratischen Union/Christlich - Sozialen Union;Katja Leikert;KLeikert;person;1;;
11005124;Leiser;Kevin;20;Fraktion der Sozialdemokratischen Partei Deutschlands;Kevin Leiser;KLHohenlohe;person;1;;
11002720;Lemke;Steffi;20;Fraktion BÜNDNIS 90/DIE GRÜNEN;Steffi Lemke;SteffiLemke;person;1;;
11005125;Lenders;Jürgen;20;Fraktion der Freien Demokratischen Partei;Jürgen Lenders;NA;person;NA;;
11005126;Lenk;Barbara;20;Alternative für Deutschland;Barbara Lenk;NA;person;NA;;
11004091;Lenkert;Ralph;20;Fraktion DIE LINKE.;Ralph Lenkert;RLenkert;person;1;;
11004339;Lenz;Andreas;20;Fraktion der Christlich Demokratischen Union/Christlich - Sozialen Union;Andreas Lenz;DerLenzMdB;person;1;;
11005127;Leye;Christian;20;Fraktion DIE LINKE.;Christian Leye;christian_leye;person;1;;
11005128;Licina-Bode;Luiza;20;Fraktion der Sozialdemokratischen Partei Deutschlands;Luiza Licina-Bode;BodeLuiza;person;1;;
11005129;Lieb;Thorsten;20;Fraktion der Freien Demokratischen Partei;Thorsten Lieb;ThorstenLieb;person;1;;
11005130;Liebert;Anja;20;Fraktion BÜNDNIS 90/DIE GRÜNEN;Anja Liebert;anja_liebert;person;1;;
11005131;Limbacher;Esra;20;Fraktion der Sozialdemokratischen Partei Deutschlands;Esra Limbacher;EsraLimbacher;person;0;;
11005132;Limburg;Helge;20;Fraktion BÜNDNIS 90/DIE GRÜNEN;Helge Limburg;Helge_Limburg;person;1;;
11004095;Lindemann;Lars;20;Fraktion der Freien Demokratischen Partei;Lars Lindemann;LFLindemann;person;1;;
11004802;Lindh;Helge;20;Fraktion der Sozialdemokratischen Partei Deutschlands;Helge Lindh;helgelindh;person;1;;
11004342;Lindholz;Andrea;20;Fraktion der Christlich Demokratischen Union/Christlich - Sozialen Union;Andrea Lindholz;AndreaLindholz;person;1;;
11004097;Lindner;Christian;20;Fraktion der Freien Demokratischen Partei;Christian Lindner;c_lindner;person;1;;
11004217;Lindner;Tobias;20;Fraktion BÜNDNIS 90/DIE GRÜNEN;Tobias Lindner;tobiaslindner;person;1;;
11003802;Link;Michael Georg;20;Fraktion der Freien Demokratischen Partei;Michael Georg Link;michael_g_link;person;1;;
11004098;Linnemann;Carsten;20;Fraktion der Christlich Demokratischen Union/Christlich - Sozialen Union;Carsten Linnemann;NA;person;NA;;
11003582;Lips;Patricia;20;Fraktion der Christlich Demokratischen Union/Christlich - Sozialen Union;Patricia Lips;NA;person;NA;;
11005133;Loop;Denise;20;Fraktion BÜNDNIS 90/DIE GRÜNEN;Denise Loop;denise_loop;person;1;;
11004806;Loos;Bernhard;20;Fraktion der Christlich Demokratischen Union/Christlich - Sozialen Union;Bernhard Loos;NA;person;NA;;
11003584;Lötzsch;Gesine;20;Fraktion DIE LINKE.;Gesine Lötzsch;LoetzschMdB;person;1;;
11004807;Lucassen;Rüdiger;20;Alternative für Deutschland;Rüdiger Lucassen;MdB_Lucassen;person;1;;
11005134;Lucks;Max;20;Fraktion BÜNDNIS 90/DIE GRÜNEN;Max Lucks;max_lucks;person;1;;
11004100;Luczak;Jan-Marco;20;Fraktion der Christlich Demokratischen Union/Christlich - Sozialen Union;Jan-Marco Luczak;JM_Luczak;person;1;;
11003613;Ludwig;Daniela;20;Fraktion der Christlich Demokratischen Union/Christlich - Sozialen Union;Daniela Ludwig;DaniLudwigMdB;person;1;;
11005135;Lugk;Bettina;20;Fraktion der Sozialdemokratischen Partei Deutschlands;Bettina Lugk;BettinaLugk;person;1;;
11003585;Lührmann;Anna;20;Fraktion BÜNDNIS 90/DIE GRÜNEN;Anna Lührmann;AnnaLuehrmann;person;1;;
11004102;Luksic;Oliver;20;Fraktion der Freien Demokratischen Partei;Oliver Luksic;OlliLuksic;person;1;;
11005136;Lütke;Kristine;20;Fraktion der Freien Demokratischen Partei;Kristine Lütke;kristine_lutke;person;1;;
11004103;Lutze;Thomas;20;Fraktion DIE LINKE.;Thomas Lutze;thlutze;person;1;;
11004809;Maas;Heiko;20;Fraktion der Sozialdemokratischen Partei Deutschlands;Heiko Maas;HeikoMaas;person;1;;
11005137;Machalet;Tanja;20;Fraktion der Sozialdemokratischen Partei Deutschlands;Tanja Machalet;TMachalet;person;0;;
11005138;Mack;Klaus;20;Fraktion der Christlich Demokratischen Union/Christlich - Sozialen Union;Klaus Mack;NA;person;NA;;
11004949;Mackensen-Geis;Isabel;20;Fraktion der Sozialdemokratischen Partei Deutschlands;Isabel Mackensen-Geis;IsabelMackensen;person;1;;
11004346;Magwas;Yvonne;20;Fraktion der Christlich Demokratischen Union/Christlich - Sozialen Union;Yvonne Magwas;YvonneMagwas;person;1;;
11005139;Malottki;Erik;20;Fraktion der Sozialdemokratischen Partei Deutschlands;Erik Malottki;EVMGreifswald;person;1;;
11005140;Mann;Holger;20;Fraktion der Sozialdemokratischen Partei Deutschlands;Holger Mann;HolgerMannLE;person;1;;
11004815;Mansmann;Till;20;Fraktion der Freien Demokratischen Partei;Till Mansmann;TillMansmann;person;1;;
11005141;Mansoori;Kaweh;20;Fraktion der Sozialdemokratischen Partei Deutschlands;Kaweh Mansoori;El_KaWeh_;person;1;;
11005142;Martens;Zanda;20;Fraktion der Sozialdemokratischen Partei Deutschlands;Zanda Martens;ZandaMartens;person;1;;
11004959;Martin;Dorothee;20;Fraktion der Sozialdemokratischen Partei Deutschlands;Dorothee Martin;Doro_Martin;person;1;;
11005143;Marvi;Parsa;20;Fraktion der Sozialdemokratischen Partei Deutschlands;Parsa Marvi;ParsaMarvi;person;1;;
11005144;Mascheck;Franziska;20;Fraktion der Sozialdemokratischen Partei Deutschlands;Franziska Mascheck;f_mascheck;person;1;;
11003804;Mast;Katja;20;Fraktion der Sozialdemokratischen Partei Deutschlands;Katja Mast;KatjaMast;person;1;;
11004108;Mattfeldt;Andreas;20;Fraktion der Christlich Demokratischen Union/Christlich - Sozialen Union;Andreas Mattfeldt;AMattfeldt;person;1;;
11003589;Mayer;Stephan;20;Fraktion der Christlich Demokratischen Union/Christlich - Sozialen Union;Stephan Mayer;StephanMayerCSU;person;1;;
11005145;Mayer;Zoe;20;Fraktion BÜNDNIS 90/DIE GRÜNEN;Zoe Mayer;zoe_gruene;person;1;;
11005146;Mayer-Lay;Volker;20;Fraktion der Christlich Demokratischen Union/Christlich - Sozialen Union;Volker Mayer-Lay;VMayer_Lay;person;1;;
11005147;Mehltretter;Andreas;20;Fraktion der Sozialdemokratischen Partei Deutschlands;Andreas Mehltretter;Mehli;person;1;;
11005148;Mehmet Ali;Takis;20;Fraktion der Sozialdemokratischen Partei Deutschlands;Takis Mehmet Ali;TakisMehmetAli;person;1;;
11004819;Meiser;Pascal;20;Fraktion DIE LINKE.;Pascal Meiser;pascalmeiser;person;1;;
11002733;Meister;Michael;20;Fraktion der Christlich Demokratischen Union/Christlich - Sozialen Union;Michael Meister;meister_schafft;person;1;;
11005149;Menge;Susanne;20;Fraktion BÜNDNIS 90/DIE GRÜNEN;Susanne Menge;NA;person;NA;;
11005150;Merten;Anikó;20;Fraktion der Freien Demokratischen Partei;Anikó Merten;AnikoMerten;person;0;;
11002735;Merz;Friedrich;20;Fraktion der Christlich Demokratischen Union/Christlich - Sozialen Union;Friedrich Merz;_friedrichmerz;person;1;;
11005151;Mesarosch;Robin;20;Fraktion der Sozialdemokratischen Partei Deutschlands;Robin Mesarosch;mesarosch;person;0;;
11004352;Metzler;Jan;20;Fraktion der Christlich Demokratischen Union/Christlich - Sozialen Union;Jan Metzler;JanMetzler;person;1;;
11004820;Meyer;Christoph;20;Fraktion der Freien Demokratischen Partei;Christoph Meyer;Meyer_FDP;person;1;;
11004821;Miazga;Corinna;20;Alternative für Deutschland;Corinna Miazga;CorinnaMiazga;person;1;;
11005152;Michaelsen;Swantje Henrike;20;Fraktion BÜNDNIS 90/DIE GRÜNEN;Swantje Henrike Michaelsen;SwantjeMichael1;person;1;;
11005153;Michel;Kathrin;20;Fraktion der Sozialdemokratischen Partei Deutschlands;Kathrin Michel;Kthrn_Mchl_SPD;person;1;;
11004110;Middelberg;Mathias;20;Fraktion der Christlich Demokratischen Union/Christlich - Sozialen Union;Mathias Middelberg;NA;person;NA;;
11003809;Miersch;Matthias;20;Fraktion der Sozialdemokratischen Partei Deutschlands;Matthias Miersch;NA;person;NA;;
11005154;Mieves;Matthias David;20;Fraktion der Sozialdemokratischen Partei Deutschlands;Matthias David Mieves;NA;person;NA;;
11004353;Mihalic;Irene;20;Fraktion BÜNDNIS 90/DIE GRÜNEN;Irene Mihalic;IreneMihalic;person;1;;
11005155;Mijatović;Boris;20;Fraktion BÜNDNIS 90/DIE GRÜNEN;Boris Mijatović;borismijatovic;person;1;;
11004355;Mittag;Susanne;20;Fraktion der Sozialdemokratischen Partei Deutschlands;Susanne Mittag;MittagSusanne;person;1;;
11004823;Mohamed Ali;Amira;20;Fraktion DIE LINKE.;Amira Mohamed Ali;Amira_M_Ali;person;1;;
11004111;Möhring;Cornelia;20;Fraktion DIE LINKE.;Cornelia Möhring;Conni_Moehring;person;1;;
11004824;Mohrs;Falko;20;Fraktion der Sozialdemokratischen Partei Deutschlands;Falko Mohrs;FalkoMohrs;person;1;;
11004825;Moll;Claudia;20;Fraktion der Sozialdemokratischen Partei Deutschlands;Claudia Moll;ClaudiaMollMdB;person;1;;
11004826;Möller;Siemtje;20;Fraktion der Sozialdemokratischen Partei Deutschlands;Siemtje Möller;SiemtjeMdB;person;1;;
11005156;Moncsek;Mike;20;Alternative für Deutschland;Mike Moncsek;Mike_Moncsek;person;1;;
11004113;Monstadt;Dietrich;20;Fraktion der Christlich Demokratischen Union/Christlich - Sozialen Union;Dietrich Monstadt;MdBMonstadt;person;0;;
11005157;Moosdorf;Matthias;20;Alternative für Deutschland;Matthias Moosdorf;MMoosdorf;person;0;;
11005158;Mordhorst;Maximilian;20;Fraktion der Freien Demokratischen Partei;Maximilian Mordhorst;maxmordhorst;person;1;;
11005159;Mörseburg;Maximilian;20;Fraktion der Christlich Demokratischen Union/Christlich - Sozialen Union;Maximilian Mörseburg;maxmoerseburg;person;1;;
11003597;Müller;Stefan;20;Fraktion der Christlich Demokratischen Union/Christlich - Sozialen Union;Stefan Müller;smuellermdb;person;1;;
11003815;Müller;Carsten;20;Fraktion der Christlich Demokratischen Union/Christlich - Sozialen Union;Carsten Müller;NA;person;NA;;
11003816;Müller;Detlef;20;Fraktion der Sozialdemokratischen Partei Deutschlands;Detlef Müller;MuellerChemnitz;person;1;;
11004358;Müller;Bettina;20;Fraktion der Sozialdemokratischen Partei Deutschlands;Bettina Müller;BetMueller;person;1;;
11004828;Müller;Alexander;20;Fraktion der Freien Demokratischen Partei;Alexander Müller;alexmuellerfdp;person;1;;
11004829;Müller;Axel;20;Fraktion der Christlich Demokratischen Union/Christlich - Sozialen Union;Axel Müller;NA;person;NA;;
11004830;Müller;Claudia;20;Fraktion BÜNDNIS 90/DIE GRÜNEN;Claudia Müller;GruenClaudia;person;0;;
11004832;Müller;Sepp;20;Fraktion der Christlich Demokratischen Union/Christlich - Sozialen Union;Sepp Müller;mueller_sepp;person;1;;
11005160;Müller;Florian;20;Fraktion der Christlich Demokratischen Union/Christlich - Sozialen Union;Florian Müller;FlorianMM;person;1;;
11005161;Müller;Michael;20;Fraktion der Sozialdemokratischen Partei Deutschlands;Michael Müller;NA;person;NA;;
11005162;Müller;Sascha;20;Fraktion BÜNDNIS 90/DIE GRÜNEN;Sascha Müller;SaschaMuller;person;1;;
11004117;Müller-Gemmeke;Beate;20;Fraktion BÜNDNIS 90/DIE GRÜNEN;Beate Müller-Gemmeke;GrueneBeate;person;1;;
11004834;Müller-Rosentritt;Frank;20;Fraktion der Freien Demokratischen Partei;Frank Müller-Rosentritt;theliberalfran;person;1;;
11004359;Müntefering;Michelle;20;Fraktion der Sozialdemokratischen Partei Deutschlands;Michelle Müntefering;Mi_Muentefering;person;1;;
11004836;Münzenmaier;Sebastian;20;Alternative für Deutschland;Sebastian Münzenmaier;S_Muenzenmaier;person;1;;
11003599;Mützenich;Rolf;20;Fraktion der Sozialdemokratischen Partei Deutschlands;Rolf Mützenich;NA;person;NA;;
11005163;Nacke;Stefan;20;Fraktion der Christlich Demokratischen Union/Christlich - Sozialen Union;Stefan Nacke;NA;person;NA;;
11005164;Nanni;Sara;20;Fraktion BÜNDNIS 90/DIE GRÜNEN;Sara Nanni;SaraNanni;person;1;;
11005165;Nasr;Rasha;20;Fraktion der Sozialdemokratischen Partei Deutschlands;Rasha Nasr;rasha_nasr_;person;1;;
11004837;Nastic;Zaklin;20;Fraktion DIE LINKE.;Zaklin Nastic;ZaklinNastic;person;1;;
11005166;Naujok;Edgar;20;Alternative für Deutschland;Edgar Naujok;edgar_naujok;person;1;;
11004119;Nestle;Ingrid;20;Fraktion BÜNDNIS 90/DIE GRÜNEN;Ingrid Nestle;Ingrid_Nestle;person;1;;
11005167;Nick;Ophelia;20;Fraktion BÜNDNIS 90/DIE GRÜNEN;Ophelia Nick;OpheliaNick;person;1;;
11005168;Nickholz;Brian;20;Fraktion der Sozialdemokratischen Partei Deutschlands;Brian Nickholz;BrianNickholz;person;1;;
11004841;Nicolaisen;Petra;20;Fraktion der Christlich Demokratischen Union/Christlich - Sozialen Union;Petra Nicolaisen;NA;person;NA;;
11003199;Nietan;Dietmar;20;Fraktion der Sozialdemokratischen Partei Deutschlands;Dietmar Nietan;NA;person;NA;;
11004842;Nolte;Jan Ralf;20;Alternative für Deutschland;Jan Ralf Nolte;Jan_Nolte_AfD;person;1;;
11004123;Notz;Konstantin;20;Fraktion BÜNDNIS 90/DIE GRÜNEN;Konstantin Notz;KonstantinNotz;person;1;;
11003881;Nouripour;Omid;20;Fraktion BÜNDNIS 90/DIE GRÜNEN;Omid Nouripour;nouripour;person;1;;
11005169;Nürnberger;Jörg;20;Fraktion der Sozialdemokratischen Partei Deutschlands;Jörg Nürnberger;joergnurnberger;person;1;;
11005170;Oehl;Lennard;20;Fraktion der Sozialdemokratischen Partei Deutschlands;Lennard Oehl;lennardoehl;person;1;;
11004365;Oellers;Wilfried;20;Fraktion der Christlich Demokratischen Union/Christlich - Sozialen Union;Wilfried Oellers;WilfriedOellers;person;0;;
11005171;Oppelt;Moritz;20;Fraktion der Christlich Demokratischen Union/Christlich - Sozialen Union;Moritz Oppelt;MoritzOppelt;person;0;;
11004844;Ortleb;Josephine;20;Fraktion der Sozialdemokratischen Partei Deutschlands;Josephine Ortleb;josephineortleb;person;1;;
11004366;Oßner;Florian;20;Fraktion der Christlich Demokratischen Union/Christlich - Sozialen Union;Florian Oßner;Florian_Ossner;person;1;;
11004845;Oster;Josef;20;Fraktion der Christlich Demokratischen Union/Christlich - Sozialen Union;Josef Oster;josefoster;person;1;;
11003821;Otte;Henning;20;Fraktion der Christlich Demokratischen Union/Christlich - Sozialen Union;Henning Otte;HenningOtteMdB;person;1;;
11005172;Otte;Karoline;20;Fraktion BÜNDNIS 90/DIE GRÜNEN;Karoline Otte;karo_otte;person;1;;
11004846;Otten;Gerold;20;Alternative für Deutschland;Gerold Otten;Gerold_Otten;person;1;;
11002746;Özdemir;Cem;20;Fraktion BÜNDNIS 90/DIE GRÜNEN;Cem Özdemir;cem_oezdemir;person;1;;
11004368;Özdemir;Mahmut;20;Fraktion der Sozialdemokratischen Partei Deutschlands;Mahmut Özdemir;oezdemir_spd;person;1;;
11004124;Özoğuz;Aydan;20;Fraktion der Sozialdemokratischen Partei Deutschlands;Aydan Özoğuz;oezoguz;person;1;;
11005173;Pahlke;Julian;20;Fraktion BÜNDNIS 90/DIE GRÜNEN;Julian Pahlke;J_Pahlke;person;1;;
11005174;Pantazis;Christos;20;Fraktion der Sozialdemokratischen Partei Deutschlands;Christos Pantazis;Dr_Pantazis;person;1;;
11005175;Papenbrock;Wiebke;20;Fraktion der Sozialdemokratischen Partei Deutschlands;Wiebke Papenbrock;NA;person;NA;;
11005176;Papendieck;Mathias;20;Fraktion der Sozialdemokratischen Partei Deutschlands;Mathias Papendieck;M_Papendieck;person;1;;
11003206;Pau;Petra;20;Fraktion DIE LINKE.;Petra Pau;PetraPauMaHe;person;1;;
11004127;Paus;Lisa;20;Fraktion BÜNDNIS 90/DIE GRÜNEN;Lisa Paus;lisapaus;person;1;;
11005177;Pawlik;Natalie;20;Fraktion der Sozialdemokratischen Partei Deutschlands;Natalie Pawlik;natalie_pawlik;person;1;;
11005178;Peick;Jens;20;Fraktion der Sozialdemokratischen Partei Deutschlands;Jens Peick;JensPeick;person;1;;
11004848;Pellmann;Sören;20;Fraktion DIE LINKE.;Sören Pellmann;LINKEPELLI;person;1;;
11004849;Perli;Victor;20;Fraktion DIE LINKE.;Victor Perli;victorperli;person;1;;
11004850;Peterka;Tobias Matthias;20;Alternative für Deutschland;Tobias Matthias Peterka;TobiasMPeterka;person;1;;
11004605;Petry;Christian;20;Fraktion der Sozialdemokratischen Partei Deutschlands;Christian Petry;CPetryMdB;person;1;;
11005179;Philippi;Andreas;20;Fraktion der Sozialdemokratischen Partei Deutschlands;Andreas Philippi;PhilippiSpd;person;1;;
11005180;Piechotta;Paula;20;Fraktion BÜNDNIS 90/DIE GRÜNEN;Paula Piechotta;PaulaPiechotta;person;1;;
11004853;Pilsinger;Stephan;20;Fraktion der Christlich Demokratischen Union/Christlich - Sozialen Union;Stephan Pilsinger;StephPilsinger;person;1;;
11005181;Plobner;Jan;20;Fraktion der Sozialdemokratischen Partei Deutschlands;Jan Plobner;JanPlobner;person;1;;
11004854;Ploß;Christoph;20;Fraktion der Christlich Demokratischen Union/Christlich - Sozialen Union;Christoph Ploß;christophploss;person;1;;
11005182;Plum;Martin;20;Fraktion der Christlich Demokratischen Union/Christlich - Sozialen Union;Martin Plum;MartinPlumMdB;person;1;;
11004856;Pohl;Jürgen;20;Alternative für Deutschland;Jürgen Pohl;Pohl_MdB;person;1;;
11004857;Polat;Filiz;20;Fraktion BÜNDNIS 90/DIE GRÜNEN;Filiz Polat;filizgreen;person;1;;
11004377;Poschmann;Sabine;20;Fraktion der Sozialdemokratischen Partei Deutschlands;Sabine Poschmann;NA;person;NA;;
11004378;Post;Achim;20;Fraktion der Sozialdemokratischen Partei Deutschlands;Achim Post;Achim_P;person;1;;
11004858;Protschka;Stephan;20;Alternative für Deutschland;Stephan Protschka;AfDProtschka;person;1;;
11002754;Rachel;Thomas;20;Fraktion der Christlich Demokratischen Union/Christlich - Sozialen Union;Thomas Rachel;_thomasrachel;person;1;;
11004382;Radomski;Kerstin;20;Fraktion der Christlich Demokratischen Union/Christlich - Sozialen Union;Kerstin Radomski;NA;person;NA;;
11004383;Radwan;Alexander;20;Fraktion der Christlich Demokratischen Union/Christlich - Sozialen Union;Alexander Radwan;AlexanderRadwan;person;1;;
11005273;Raffelhüschen;Claudia;20;Fraktion der Freien Demokratischen Partei;Claudia Raffelhüschen;CRaffelhueschen;person;1;;
11004384;Rainer;Alois;20;Fraktion der Christlich Demokratischen Union/Christlich - Sozialen Union;Alois Rainer;AloisRainer;person;1;;
11001772;Ramsauer;Peter;20;Fraktion der Christlich Demokratischen Union/Christlich - Sozialen Union;Peter Ramsauer;NA;person;NA;;
11005183;Redder;Volker;20;Fraktion der Freien Demokratischen Partei;Volker Redder;docredder;person;1;;
11005184;Rehbaum;Henning;20;Fraktion der Christlich Demokratischen Union/Christlich - Sozialen Union;Henning Rehbaum;HenningRehbaum;person;1;;
11004859;Reichardt;Martin;20;Alternative für Deutschland;Martin Reichardt;M_Reichardt_AfD;person;1;;
11005185;Reichel;Markus;20;Fraktion der Christlich Demokratischen Union/Christlich - Sozialen Union;Markus Reichel;MarkusReichelDD;person;1;;
11005186;Reichinnek;Heidi;20;Fraktion DIE LINKE.;Heidi Reichinnek;HeidiReichinnek;person;1;;
11005187;Reinalter;Anja;20;Fraktion BÜNDNIS 90/DIE GRÜNEN;Anja Reinalter;NA;person;NA;;
11004229;Reinhold;Hagen;20;Fraktion der Freien Demokratischen Partei;Hagen Reinhold;reinholdmdb;person;1;;
11004385;Renner;Martina;20;Fraktion DIE LINKE.;Martina Renner;MartinaRenner;person;1;;
11004862;Renner;Martin Erwin;20;Alternative für Deutschland;Martin Erwin Renner;Renner_AfD;person;1;;
11004864;Reuther;Bernd;20;Fraktion der Freien Demokratischen Partei;Bernd Reuther;reuther_bernd;person;1;;
11005188;Rhie;Ye-One;20;Fraktion der Sozialdemokratischen Partei Deutschlands;Ye-One Rhie;YeOne_Rhie;person;1;;
11004136;Rief;Josef;20;Fraktion der Christlich Demokratischen Union/Christlich - Sozialen Union;Josef Rief;NA;person;NA;;
11004865;Riexinger;Bernd;20;Fraktion DIE LINKE.;Bernd Riexinger;b_riexinger;person;1;;
11004387;Rimkus;Andreas;20;Fraktion der Sozialdemokratischen Partei Deutschlands;Andreas Rimkus;Andreas_Rimkus;person;1;;
11005189;Rinck;Frank;20;Alternative für Deutschland;Frank Rinck;NA;person;NA;;
11003830;Rix;Sönke;20;Fraktion der Sozialdemokratischen Partei Deutschlands;Sönke Rix;SoenkeRix;person;1;;
11004388;Rohde;Dennis;20;Fraktion der Sozialdemokratischen Partei Deutschlands;Dennis Rohde;NA;person;NA;;
11005190;Rohwer;Lars;20;Fraktion der Christlich Demokratischen Union/Christlich - Sozialen Union;Lars Rohwer;NA;person;NA;;
11005191;Roloff;Sebastian;20;Fraktion der Sozialdemokratischen Partei Deutschlands;Sebastian Roloff;SebRoloff;person;1;;
11004389;Rosemann;Martin;20;Fraktion der Sozialdemokratischen Partei Deutschlands;Martin Rosemann;MartinRosemann;person;1;;
11005192;Rosenthal;Jessica;20;Fraktion der Sozialdemokratischen Partei Deutschlands;Jessica Rosenthal;jessi_rosenthal;person;1;;
11004138;Rößner;Tabea;20;Fraktion BÜNDNIS 90/DIE GRÜNEN;Tabea Rößner;TabeaRoessne;person;1;;
11003212;Roth;Claudia;20;Fraktion BÜNDNIS 90/DIE GRÜNEN;Claudia Roth;NA;person;NA;;
11003213;Roth;Michael;20;Fraktion der Sozialdemokratischen Partei Deutschlands;Michael Roth;MiRo_SPD;person;1;;
11002765;Röttgen;Norbert;20;Fraktion der Christlich Demokratischen Union/Christlich - Sozialen Union;Norbert Röttgen;n_roettgen;person;1;;
11004866;Rottmann;Manuela;20;Fraktion BÜNDNIS 90/DIE GRÜNEN;Manuela Rottmann;ManuelaRottman;person;1;;
11004867;Rouenhoff;Stefan;20;Fraktion der Christlich Demokratischen Union/Christlich - Sozialen Union;Stefan Rouenhoff;StefanRouenhoff;person;1;;
11005193;Röwekamp;Thomas;20;Fraktion der Christlich Demokratischen Union/Christlich - Sozialen Union;Thomas Röwekamp;TR_Bremen;person;1;;
11004139;Rüddel;Erwin;20;Fraktion der Christlich Demokratischen Union/Christlich - Sozialen Union;Erwin Rüddel;Erwin_Rueddel;person;1;;
11005194;Rudolph;Thorsten;20;Fraktion der Sozialdemokratischen Partei Deutschlands;Thorsten Rudolph;jethoru;person;1;;
11005195;Rudolph;Tina;20;Fraktion der Sozialdemokratischen Partei Deutschlands;Tina Rudolph;NA;person;NA;;
11004390;Rüffer;Corinna;20;Fraktion BÜNDNIS 90/DIE GRÜNEN;Corinna Rüffer;crueffer;person;1;;
11003620;Rupprecht;Albert;20;Fraktion der Christlich Demokratischen Union/Christlich - Sozialen Union;Albert Rupprecht;NA;person;1;;
11004392;Rützel;Bernd;20;Fraktion der Sozialdemokratischen Partei Deutschlands;Bernd Rützel;ruetzelbernd;person;0;;
11004622;Ryglewski;Sarah;20;Fraktion der Sozialdemokratischen Partei Deutschlands;Sarah Ryglewski;RyglewskiS;person;1;;
11004393;Saathoff;Johann;20;Fraktion der Sozialdemokratischen Partei Deutschlands;Johann Saathoff;Johann_Saathof;person;1;;
11005198;Santos Firnhaber;Catarina;20;Fraktion der Christlich Demokratischen Union/Christlich - Sozialen Union;Catarina Santos Firnhaber;CatarinaDosSa;person;1;;
11004869;Sattelberger;Thomas;20;Fraktion der Freien Demokratischen Partei;Thomas Sattelberger;th_sattelberger;person;1;;
11004871;Sauter;Christian;20;Fraktion der Freien Demokratischen Partei;Christian Sauter;Chr_Sauter;person;1;;
11003624;Schäfer;Axel;20;Fraktion der Sozialdemokratischen Partei Deutschlands;Axel Schäfer;NA;person;NA;;
11005199;Schäfer;Ingo;20;Fraktion der Sozialdemokratischen Partei Deutschlands;Ingo Schäfer;ingoschaeferspd;person;1;;
11005200;Schäfer;Jamila;20;Fraktion BÜNDNIS 90/DIE GRÜNEN;Jamila Schäfer;jamila_anna;person;1;;
11005201;Schäfer;Sebastian;20;Fraktion BÜNDNIS 90/DIE GRÜNEN;Sebastian Schäfer;sebastian_es_;person;1;;
11003834;Schäffler;Frank;20;Fraktion der Freien Demokratischen Partei;Frank Schäffler;f_schaeffler;person;1;;
11005202;Schamber;Rebecca;20;Fraktion der Sozialdemokratischen Partei Deutschlands;Rebecca Schamber;NA;person;NA;;
11005203;Schattner;Bernd;20;Alternative für Deutschland;Bernd Schattner;Schattner_MdB;person;1;;
11005204;Schätzl;Johannes;20;Fraktion der Sozialdemokratischen Partei Deutschlands;Johannes Schätzl;SchaetzlJo;person;0;;
11001938;Schäuble;Wolfgang;20;Fraktion der Christlich Demokratischen Union/Christlich - Sozialen Union;Wolfgang Schäuble;NA;person;NA;;
11004395;Schauws;Ulle;20;Fraktion BÜNDNIS 90/DIE GRÜNEN;Ulle Schauws;ulle_schauws;person;1;;
11004396;Scheer;Nina;20;Fraktion der Sozialdemokratischen Partei Deutschlands;Nina Scheer;NinaScheer_SPD;person;1;;
11005205;Schenderlein;Christiane;20;Fraktion der Christlich Demokratischen Union/Christlich - Sozialen Union;Christiane Schenderlein;schenderleinmdb;person;1;;
11003625;Scheuer;Andreas;20;Fraktion der Christlich Demokratischen Union/Christlich - Sozialen Union;Andreas Scheuer;andreasscheuer;person;1;;
11003838;Schieder;Marianne;20;Fraktion der Sozialdemokratischen Partei Deutschlands;Marianne Schieder;m_schieder;person;1;;
11004397;Schiefner;Udo;20;Fraktion der Sozialdemokratischen Partei Deutschlands;Udo Schiefner;UdoSchiefner;person;0;;
11004873;Schielke-Ziesing;Ulrike;20;Alternative für Deutschland;Ulrike Schielke-Ziesing;ulschzi;person;1;;
11005206;Schierenbeck;Peggy;20;Fraktion der Sozialdemokratischen Partei Deutschlands;Peggy Schierenbeck;NA;person;NA;;
11004398;Schimke;Jana;20;Fraktion der Christlich Demokratischen Union/Christlich - Sozialen Union;Jana Schimke;JanaSchimke;person;1;;
11005207;Schisanowski;Timo;20;Fraktion der Sozialdemokratischen Partei Deutschlands;Timo Schisanowski;NA;person;NA;;
11004876;Schmid;Nils;20;Fraktion der Sozialdemokratischen Partei Deutschlands;Nils Schmid;NilsSchmid;person;1;;
11005208;Schmid;Christoph;20;Fraktion der Sozialdemokratischen Partei Deutschlands;Christoph Schmid;kratermensch;person;1;;
11004401;Schmidt;Dagmar;20;Fraktion der Sozialdemokratischen Partei Deutschlands;Dagmar Schmidt;dieschmidt;person;1;;
11004877;Schmidt;Stefan;20;Fraktion BÜNDNIS 90/DIE GRÜNEN;Stefan Schmidt;Schmidt_MdB;person;1;;
11004878;Schmidt;Uwe;20;Fraktion der Sozialdemokratischen Partei Deutschlands;Uwe Schmidt;NA;person;NA;;
11005209;Schmidt;Eugen;20;Alternative für Deutschland;Eugen Schmidt;AfDrus;person;1;;
11005210;Schmidt;Jan Wenzel;20;Alternative für Deutschland;Jan Wenzel Schmidt;jws_afd;person;1;;
11003218;Schneider;Carsten;20;Fraktion der Sozialdemokratischen Partei Deutschlands;Carsten Schneider;schneidercar;person;1;;
11004880;Schneider;Jörg;20;Alternative für Deutschland;Jörg Schneider;Schneider_AfD;person;1;;
11005211;Schneider;Daniel;20;Fraktion der Sozialdemokratischen Partei Deutschlands;Daniel Schneider;schneider_cux;person;1;;
11004146;Schnieder;Patrick;20;Fraktion der Christlich Demokratischen Union/Christlich - Sozialen Union;Patrick Schnieder;Pschnieder;person;1;;
11003231;Scholz;Olaf;20;Fraktion der Sozialdemokratischen Partei Deutschlands;Olaf Scholz;OlafScholz;person;1;;
11004116;Schön;Nadine;20;Fraktion der Christlich Demokratischen Union/Christlich - Sozialen Union;Nadine Schön;NadineSchoen;person;1;;
11005212;Schönberger;Marlene;20;Fraktion BÜNDNIS 90/DIE GRÜNEN;Marlene Schönberger;lime_green_leni;person;1;;
11004881;Schraps;Johannes;20;Fraktion der Sozialdemokratischen Partei Deutschlands;Johannes Schraps;jschraps;person;1;;
11005213;Schreider;Christian;20;Fraktion der Sozialdemokratischen Partei Deutschlands;Christian Schreider;NA;person;NA;;
11004883;Schreiner;Felix;20;Fraktion der Christlich Demokratischen Union/Christlich - Sozialen Union;Felix Schreiner;felixschreiner;person;1;;
11005214;Schröder;Christina-Johanne;20;Fraktion BÜNDNIS 90/DIE GRÜNEN;Christina-Johanne Schröder;cj_schroeder;person;1;;
11005215;Schröder;Ria;20;Fraktion der Freien Demokratischen Partei;Ria Schröder;ria_schroeder;person;0;;
11004884;Schrodi;Michael;20;Fraktion der Sozialdemokratischen Partei Deutschlands;Michael Schrodi;mischrodi;person;1;;
11004888;Schulz;Uwe;20;Alternative für Deutschland;Uwe Schulz;Uwe_Schulz_AfD;person;1;;
11005216;Schulz;Anja;20;Fraktion der Freien Demokratischen Partei;Anja Schulz;_anja_schulz;person;1;;
11004405;Schulz-Asche;Kordula;20;Fraktion BÜNDNIS 90/DIE GRÜNEN;Kordula Schulz-Asche;K_SA;person;1;;
11005217;Schulze;Svenja;20;Fraktion der Sozialdemokratischen Partei Deutschlands;Svenja Schulze;SvenjaSchulze68;person;1;;
11003846;Schwabe;Frank;20;Fraktion der Sozialdemokratischen Partei Deutschlands;Frank Schwabe;FrankSchwabe;person;1;;
11004150;Schwartze;Stefan;20;Fraktion der Sozialdemokratischen Partei Deutschlands;Stefan Schwartze;s_schwartze;person;1;;
11004407;Schwarz;Andreas;20;Fraktion der Sozialdemokratischen Partei Deutschlands;Andreas Schwarz;Schwarz_MdB;person;1;;
11005218;Schwarz;Armin;20;Fraktion der Christlich Demokratischen Union/Christlich - Sozialen Union;Armin Schwarz;ArminSchwarz;person;1;;
11003847;Schwarzelühr-Sutter;Rita;20;Fraktion der Sozialdemokratischen Partei Deutschlands;Rita Schwarzelühr-Sutter;rischwasu;person;1;;
11004890;Seestern-Pauly;Matthias;20;Fraktion der Freien Demokratischen Partei;Matthias Seestern-Pauly;mseesternpauly;person;1;;
11005219;Seidler;Stefan;20;Fraktionslos;Stefan Seidler;NA;person;NA;;
11004152;Seif;Detlef;20;Fraktion der Christlich Demokratischen Union/Christlich - Sozialen Union;Detlef Seif;NA;person;NA;;
11005220;Seiter;Stephan;20;Fraktion der Freien Demokratischen Partei;Stephan Seiter;StSeiter;person;1;;
11004891;Seitz;Thomas;20;Alternative für Deutschland;Thomas Seitz;Th_Seitz_AfD;person;1;;
11005221;Seitzl;Lina;20;Fraktion der Sozialdemokratischen Partei Deutschlands;Lina Seitzl;Lina_Seitzl;person;1;;
11005222;Sekmen;Melis;20;Fraktion BÜNDNIS 90/DIE GRÜNEN;Melis Sekmen;Melis_S;person;0;;
11005223;Semet;Rainer;20;Fraktion der Freien Demokratischen Partei;Rainer Semet;RainerSemet;person;1;;
11004892;Sichert;Martin;20;Alternative für Deutschland;Martin Sichert;Martin_Sichert;person;1;;
11003636;Silberhorn;Thomas;20;Fraktion der Christlich Demokratischen Union/Christlich - Sozialen Union;Thomas Silberhorn;SilberhornMdB;person;1;;
11004893;Simon;Björn;20;Fraktion der Christlich Demokratischen Union/Christlich - Sozialen Union;Björn Simon;BjoernSimon;person;1;;
11003848;Sitte;Petra;20;Fraktion DIE LINKE.;Petra Sitte;Petra_Sitte_MdB;person;1;;
11004159;Skudelny;Judith;20;Fraktion der Freien Demokratischen Partei;Judith Skudelny;JudithSkudelny;person;1;;
11005224;Slawik;Nyke;20;Fraktion BÜNDNIS 90/DIE GRÜNEN;Nyke Slawik;nyke_slawik;person;1;;
11004409;Sorge;Tino;20;Fraktion der Christlich Demokratischen Union/Christlich - Sozialen Union;Tino Sorge;TinoSorge;person;1;;
11003638;Spahn;Jens;20;Fraktion der Christlich Demokratischen Union/Christlich - Sozialen Union;Jens Spahn;jensspahn;person;1;;
11005225;Spallek;Anne Monika;20;Fraktion BÜNDNIS 90/DIE GRÜNEN;Anne Monika Spallek;AnneSpallek;person;1;;
11004899;Spaniel;Dirk;20;Alternative für Deutschland;Dirk Spaniel;DirkSpaniel;person;1;;
11005226;Spellerberg;Merle;20;Fraktion BÜNDNIS 90/DIE GRÜNEN;Merle Spellerberg;spellerberg_m;person;1;;
11004900;Springer;René;20;Alternative für Deutschland;René Springer;Rene_Springer;person;1;;
11004412;Stadler;Svenja;20;Fraktion der Sozialdemokratischen Partei Deutschlands;Svenja Stadler;stadler_svenja;person;1;;
11004901;Staffler;Katrin;20;Fraktion der Christlich Demokratischen Union/Christlich - Sozialen Union;Katrin Staffler;katrin_staffler;person;1;;
11005227;Stahr;Nina;20;Fraktion BÜNDNIS 90/DIE GRÜNEN;Nina Stahr;ninastahr;person;1;;
11004413;Stamm-Fibich;Martina;20;Fraktion der Sozialdemokratischen Partei Deutschlands;Martina Stamm-Fibich;stamm_fibich;person;1;;
11004902;Stark-Watzinger;Bettina;20;Fraktion der Freien Demokratischen Partei;Bettina Stark-Watzinger;starkwatzinger;person;1;;
11005228;Steffen;Till;20;Fraktion BÜNDNIS 90/DIE GRÜNEN;Till Steffen;till_steffen;person;1;;
11004414;Stefinger;Wolfgang;20;Fraktion der Christlich Demokratischen Union/Christlich - Sozialen Union;Wolfgang Stefinger;StefingerMdB;person;1;;
11004415;Stegemann;Albert;20;Fraktion der Christlich Demokratischen Union/Christlich - Sozialen Union;Albert Stegemann;StegemannAlbert;person;1;;
11005229;Stegner;Ralf;20;Fraktion der Sozialdemokratischen Partei Deutschlands;Ralf Stegner;Ralf_Stegner;person;1;;
11004904;Stein;Mathias;20;Fraktion der Sozialdemokratischen Partei Deutschlands;Mathias Stein;stonie_kiel;person;1;;
11004418;Steiniger;Johannes;20;Fraktion der Christlich Demokratischen Union/Christlich - Sozialen Union;Johannes Steiniger;JoSteiniger;person;1;;
11005230;Steinmüller;Hanna;20;Fraktion BÜNDNIS 90/DIE GRÜNEN;Hanna Steinmüller;HanSteinmueller;person;1;;
11003639;Stetten;Christian;20;Fraktion der Christlich Demokratischen Union/Christlich - Sozialen Union;Christian Stetten;CvStetten;person;1;;
11005231;Sthamer;Nadja;20;Fraktion der Sozialdemokratischen Partei Deutschlands;Nadja Sthamer;nadjasthamer;person;1;;
11004168;Stier;Dieter;20;Fraktion der Christlich Demokratischen Union/Christlich - Sozialen Union;Dieter Stier;NA;person;NA;;
11005232;Stöber;Klaus;20;Alternative für Deutschland;Klaus Stöber;NA;person;NA;;
11005233;Stöcker;Diana;20;Fraktion der Christlich Demokratischen Union/Christlich - Sozialen Union;Diana Stöcker;NA;person;NA;;
11005234;Stockmeier;Konrad;20;Fraktion der Freien Demokratischen Partei;Konrad Stockmeier;KonradStockmei1;person;1;;
11004905;Storch;Beatrix;20;Alternative für Deutschland;Beatrix Storch;Beatrix_vStorch;person;1;;
11003643;Storjohann;Gero;20;Fraktion der Christlich Demokratischen Union/Christlich - Sozialen Union;Gero Storjohann;gero_storjohann;person;1;;
11004906;Strack-Zimmermann;Marie-Agnes;20;Fraktion der Freien Demokratischen Partei;Marie-Agnes Strack-Zimmermann;MAStrackZi;person;1;;
11004169;Stracke;Stephan;20;Fraktion der Christlich Demokratischen Union/Christlich - Sozialen Union;Stephan Stracke;NA;person;NA;;
11004908;Strasser;Benjamin;20;Fraktion der Freien Demokratischen Partei;Benjamin Strasser;bstrasser;person;1;;
11002812;Straubinger;Max;20;Fraktion der Christlich Demokratischen Union/Christlich - Sozialen Union;Max Straubinger;NA;person;NA;;
11003888;Strengmann-Kuhn;Wolfgang;20;Fraktion BÜNDNIS 90/DIE GRÜNEN;Wolfgang Strengmann-Kuhn;W_SK;person;1;;
11005235;Stumpp;Christina;20;Fraktion der Christlich Demokratischen Union/Christlich - Sozialen Union;Christina Stumpp;NA;person;NA;;
11005236;Stüwe;Ruppert;20;Fraktion der Sozialdemokratischen Partei Deutschlands;Ruppert Stüwe;stuewer;person;1;;
11005197;Taher Saleh;Kassem;20;Fraktion BÜNDNIS 90/DIE GRÜNEN;Kassem Taher Saleh;kassem_ts;person;1;;
11004911;Tatti;Jessica;20;Fraktion DIE LINKE.;Jessica Tatti;jessica_tatti;person;1;;
11004423;Tausend;Claudia;20;Fraktion der Sozialdemokratischen Partei Deutschlands;Claudia Tausend;NA;person;NA;;
11004912;Tebroke;Hermann-Josef;20;Fraktion der Christlich Demokratischen Union/Christlich - Sozialen Union;Hermann-Josef Tebroke;NA;person;NA;;
11005237;Tesfaiesus;Awet;20;Fraktion BÜNDNIS 90/DIE GRÜNEN;Awet Tesfaiesus;AwetTesfaiesus;person;1;;
11004913;Teuteberg;Linda;20;Fraktion der Freien Demokratischen Partei;Linda Teuteberg;LindaTeuteberg;person;1;;
11005238;Teutrine;Jens;20;Fraktion der Freien Demokratischen Partei;Jens Teutrine;jensteutrine;person;1;;
11004914;Theurer;Michael;20;Fraktion der Freien Demokratischen Partei;Michael Theurer;EUTheurer;person;1;;
11004424;Thews;Michael;20;Fraktion der Sozialdemokratischen Partei Deutschlands;Michael Thews;NA;person;NA;;
11004915;Thies;Hans-Jürgen;20;Fraktion der Christlich Demokratischen Union/Christlich - Sozialen Union;Hans-Jürgen Thies;NA;person;NA;;
11004175;Thomae;Stephan;20;Fraktion der Freien Demokratischen Partei;Stephan Thomae;StephanThomae;person;1;;
11004917;Throm;Alexander;20;Fraktion der Christlich Demokratischen Union/Christlich - Sozialen Union;Alexander Throm;alexander_throm;person;1;;
11003646;Tillmann;Antje;20;Fraktion der Christlich Demokratischen Union/Christlich - Sozialen Union;Antje Tillmann;AntjeTillmann;person;1;;
11004425;Timmermann-Fechter;Astrid;20;Fraktion der Christlich Demokratischen Union/Christlich - Sozialen Union;Astrid Timmermann-Fechter;NA;person;NA;;
11005239;Tippelt;Nico;20;Fraktion der Freien Demokratischen Partei;Nico Tippelt;NicoTippelt;person;1;;
11004222;Todtenhausen;Manfred;20;Fraktion der Freien Demokratischen Partei;Manfred Todtenhausen;MTodtenhausen;person;1;;
11003856;Toncar;Florian;20;Fraktion der Freien Demokratischen Partei;Florian Toncar;florian_toncar;person;1;;
11004921;Töns;Markus;20;Fraktion der Sozialdemokratischen Partei Deutschlands;Markus Töns;NA;person;NA;;
11004426;Träger;Carsten;20;Fraktion der Sozialdemokratischen Partei Deutschlands;Carsten Träger;CarstenTraeger;person;1;;
11003246;Trittin;Jürgen;20;Fraktion BÜNDNIS 90/DIE GRÜNEN;Jürgen Trittin;JTrittin;person;1;;
11005240;Troff-Schaffarzyk;Anja;20;Fraktion der Sozialdemokratischen Partei Deutschlands;Anja Troff-Schaffarzyk;anja_troff;person;1;;
11005241;Türk-Nachbaur;Derya;20;Fraktion der Sozialdemokratischen Partei Deutschlands;Derya Türk-Nachbaur;derya_tn;person;1;;
11004645;Uhl;Markus;20;Fraktion der Christlich Demokratischen Union/Christlich - Sozialen Union;Markus Uhl;uhl_markus;person;1;;
11005242;Uhlig;Katrin;20;Fraktion BÜNDNIS 90/DIE GRÜNEN;Katrin Uhlig;katrinuhligbn;person;1;;
11004922;Ullmann;Andrew;20;Fraktion der Freien Demokratischen Partei;Andrew Ullmann;UllmannMdB;person;1;;
11004427;Ullrich;Volker;20;Fraktion der Christlich Demokratischen Union/Christlich - Sozialen Union;Volker Ullrich;VolkerUllrich;person;1;;
11004923;Ullrich;Gerald;20;Fraktion der Freien Demokratischen Partei;Gerald Ullrich;G_UllrichFDP;person;1;;
11005243;Ullrich;Frank;20;Fraktion der Sozialdemokratischen Partei Deutschlands;Frank Ullrich;NA;person;NA;;
11003858;Ulrich;Alexander;20;Fraktion DIE LINKE.;Alexander Ulrich;NA;person;NA;;
11004429;Verlinden;Julia;20;Fraktion BÜNDNIS 90/DIE GRÜNEN;Julia Verlinden;julia_verlinden;person;1;;
11004924;Vieregge;Kerstin;20;Fraktion der Christlich Demokratischen Union/Christlich - Sozialen Union;Kerstin Vieregge;Kerstin_4egge;person;1;;
11004179;Vogel;Johannes;20;Fraktion der Freien Demokratischen Partei;Johannes Vogel;check;person;1;;
11004181;Vogler;Kathrin;20;Fraktion DIE LINKE.;Kathrin Vogler;voglerk;person;1;;
11005244;Vogt;Oliver;20;Fraktion der Christlich Demokratischen Union/Christlich - Sozialen Union;Oliver Vogt;NA;person;NA;;
11004942;Völlers;Marja-Liisa;20;Fraktion der Sozialdemokratischen Partei Deutschlands;Marja-Liisa Völlers;MarjaVoellers;person;0;;
11004433;Vöpel;Dirk;20;Fraktion der Sozialdemokratischen Partei Deutschlands;Dirk Vöpel;NA;person;NA;;
11004926;Vries;Christoph;20;Fraktion der Christlich Demokratischen Union/Christlich - Sozialen Union;Christoph Vries;VriesChristoph;person;1;;
11004182;Wadephul;Johann David;20;Fraktion der Christlich Demokratischen Union/Christlich - Sozialen Union;Johann David Wadephul;JoWadephul;person;1;;
11005245;Wagener;Niklas;20;Fraktion BÜNDNIS 90/DIE GRÜNEN;Niklas Wagener;WagenerNiklas;person;1;;
11005246;Wagener;Robin;20;Fraktion BÜNDNIS 90/DIE GRÜNEN;Robin Wagener;robinwagener;person;1;;
11004183;Wagenknecht;Sahra;20;Fraktion DIE LINKE.;Sahra Wagenknecht;SWagenknecht;person;1;;
11005247;Wagner;Carolin;20;Fraktion der Sozialdemokratischen Partei Deutschlands;Carolin Wagner;NA;person;NA;;
11005248;Wagner;Johannes;20;Fraktion BÜNDNIS 90/DIE GRÜNEN;Johannes Wagner;yooHannes;person;0;;
11005249;Wallstein;Maja;20;Fraktion der Sozialdemokratischen Partei Deutschlands;Maja Wallstein;Krawallstein;person;1;;
11005250;Walter;Hannes;20;Fraktion der Sozialdemokratischen Partei Deutschlands;Hannes Walter;HannesWalterSPD;person;1;;
11004221;Walter-Rosenheimer;Beate;20;Fraktion BÜNDNIS 90/DIE GRÜNEN;Beate Walter-Rosenheimer;TeamBeate;person;1;;
11003655;Wanderwitz;Marco;20;Fraktion der Christlich Demokratischen Union/Christlich - Sozialen Union;Marco Wanderwitz;wanderwitz;person;1;;
11004437;Warken;Nina;20;Fraktion der Christlich Demokratischen Union/Christlich - Sozialen Union;Nina Warken;ninawarken;person;1;;
11004929;Weeser;Sandra;20;Fraktion der Freien Demokratischen Partei;Sandra Weeser;sandra_weeser;person;1;;
11005251;Wegge;Carmen;20;Fraktion der Sozialdemokratischen Partei Deutschlands;Carmen Wegge;CarmenWegge;person;1;;
11005252;Wegling;Melanie;20;Fraktion der Sozialdemokratischen Partei Deutschlands;Melanie Wegling;NA;person;NA;;
11004930;Weidel;Alice;20;Alternative für Deutschland;Alice Weidel;Alice_Weidel;person;1;;
11004950;Weingarten;Joe;20;Fraktion der Sozialdemokratischen Partei Deutschlands;Joe Weingarten;DrJoeWeingarten;person;1;;
11004440;Weisgerber;Anja;20;Fraktion der Christlich Demokratischen Union/Christlich - Sozialen Union;Anja Weisgerber;anjaweisgerber;person;1;;
11005253;Weishaupt;Saskia;20;Fraktion BÜNDNIS 90/DIE GRÜNEN;Saskia Weishaupt;SaskiaLeaRaquel;person;1;;
11004187;Weiss;Sabine;20;Fraktion der Christlich Demokratischen Union/Christlich - Sozialen Union;Sabine Weiss;NA;person;NA;;
11005254;Weiss;Maria-Lena;20;Fraktion der Christlich Demokratischen Union/Christlich - Sozialen Union;Maria-Lena Weiss;NA;person;NA;;
11005255;Wenzel;Stefan;20;Fraktion BÜNDNIS 90/DIE GRÜNEN;Stefan Wenzel;StefWenzel;person;1;;
11005256;Werner;Lena;20;Fraktion der Sozialdemokratischen Partei Deutschlands;Lena Werner;thereallenzii;person;1;;
11004931;Westig;Nicole;20;Fraktion der Freien Demokratischen Partei;Nicole Westig;NicoleWestig;person;1;;
11004442;Westphal;Bernd;20;Fraktion der Sozialdemokratischen Partei Deutschlands;Bernd Westphal;BerndWestphal4;person;1;;
11004932;Weyel;Harald;20;Alternative für Deutschland;Harald Weyel;h_weyel;person;0;;
11004443;Whittaker;Kai;20;Fraktion der Christlich Demokratischen Union/Christlich - Sozialen Union;Kai Whittaker;Kai_Whittaker;person;1;;
11003259;Widmann-Mauz;Annette;20;Fraktion der Christlich Demokratischen Union/Christlich - Sozialen Union;Annette Widmann-Mauz;AWidmannMauz;person;1;;
11004933;Wiehle;Wolfgang;20;Alternative für Deutschland;Wolfgang Wiehle;WolfgangWiehle;person;1;;
11005257;Wiener;Klaus;20;Fraktion der Christlich Demokratischen Union/Christlich - Sozialen Union;Klaus Wiener;KlausWiener;person;1;;
11004444;Wiese;Dirk;20;Fraktion der Sozialdemokratischen Partei Deutschlands;Dirk Wiese;DirkWieseSPD;person;1;;
11003264;Willsch;Klaus-Peter;20;Fraktion der Christlich Demokratischen Union/Christlich - Sozialen Union;Klaus-Peter Willsch;NA;person;NA;;
11003865;Winkelmeier-Becker;Elisabeth;20;Fraktion der Christlich Demokratischen Union/Christlich - Sozialen Union;Elisabeth Winkelmeier-Becker;NA;person;NA;;
11005258;Winkler;Tobias;20;Fraktion der Christlich Demokratischen Union/Christlich - Sozialen Union;Tobias Winkler;TobiasWINKLER_;person;1;;
11005259;Winklmann;Tina;20;Fraktion BÜNDNIS 90/DIE GRÜNEN;Tina Winklmann;TinaWinklmann;person;1;;
11004936;Wirth;Christian;20;Alternative für Deutschland;Christian Wirth;ChrWirthMdB;person;1;;
11003702;Wissing;Volker;20;Fraktion der Freien Demokratischen Partei;Volker Wissing;Wissing;person;1;;
11005260;Wissler;Janine;20;Fraktion DIE LINKE.;Janine Wissler;Janine_Wissler;person;1;;
11004937;Witt;Uwe;20;Alternative für Deutschland;Uwe Witt;Witt_Uwe;person;1;;
11005261;Wittmann;Mechthilde;20;Fraktion der Christlich Demokratischen Union/Christlich - Sozialen Union;Mechthilde Wittmann;NA;person;NA;;
11005262;Wollmann;Herbert;20;Fraktion der Sozialdemokratischen Partei Deutschlands;Herbert Wollmann;NA;person;NA;;
11005263;Wulf;Mareike Lotte;20;Fraktion der Christlich Demokratischen Union/Christlich - Sozialen Union;Mareike Lotte Wulf;MareikeWulf;person;1;;
11005264;Wundrak;Joachim;20;Alternative für Deutschland;Joachim Wundrak;JoachimWundrak;person;1;;
11004448;Yüksel;Gülistan;20;Fraktion der Sozialdemokratischen Partei Deutschlands;Gülistan Yüksel;NA;person;NA;;
11004452;Zeulner;Emmi;20;Fraktion der Christlich Demokratischen Union/Christlich - Sozialen Union;Emmi Zeulner;NA;person;NA;;
11005265;Ziegler;Kay-Uwe;20;Alternative für Deutschland;Kay-Uwe Ziegler;KayUweZiegler71;person;1;;
11004938;Ziemiak;Paul;20;Fraktion der Christlich Demokratischen Union/Christlich - Sozialen Union;Paul Ziemiak;PaulZiemiak;person;1;;
11004453;Zierke;Stefan;20;Fraktion der Sozialdemokratischen Partei Deutschlands;Stefan Zierke;zierke;person;1;;
11004603;Zimmermann;Jens;20;Fraktion der Sozialdemokratischen Partei Deutschlands;Jens Zimmermann;JensZSPD;person;1;;
11005266;Zippelius;Nicolas;20;Fraktion der Christlich Demokratischen Union/Christlich - Sozialen Union;Nicolas Zippelius;NZippelius;person;1;;
11005267;Zorn;Armand;20;Fraktion der Sozialdemokratischen Partei Deutschlands;Armand Zorn;ArmandZorn;person;1;;
11005268;Zschau;Katrin;20;Fraktion der Sozialdemokratischen Partei Deutschlands;Katrin Zschau;NA;person;NA;;
;;;;;;;;;;
;;;;;;;;;;
;;;;;;;;;;
;;;;;;;;;;
;;;;;;;;;;
;;;;;;;;;;
;;;;;;;;;;
;;;;;;;;;;
;;;;;;;;;;
;;;;;;;;;;
;;;;;;;;;;
;;;;;;;;;;
;;;;;;;;;;
;;;;;;;;;;
;;;;;;;;;;
;;;;;;;;;;
;;;;;;;;;;
;;;;;;;;;;
;;;;;;;;;;
;;;;;;;;;;
;;;;;;;;;;
;;;;;;;;;;
;;;;;;;;;;
;;;;;;;;;;
;;;;;;;;;;
;;;;;;;;;;
;;;;;;;;;;
;;;;;;;;;;
;;;;;;;;;;
;;;;;;;;;;
;;;;;;;;;;
;;;;;;;;;;
;;;;;;;;;;
;;;;;;;;;;
;;;;;;;;;;
;;;;;;;;;;
;;;;;;;;;;
;;;;;;;;;;
;;;;;;;;;;
;;;;;;;;;;
;;;;;;;;;;
;;;;;;;;;;
;;;;;;;;;;
;;;;;;;;;;
;;;;;;;;;;
;;;;;;;;;;
;;;;;;;;;;
;;;;;;;;;;
;;;;;;;;;;
;;;;;;;;;;
;;;;;;;;;;
;;;;;;;;;;
;;;;;;;;;;
;;;;;;;;;;
;;;;;;;;;;
;;;;;;;;;;
;;;;;;;;;;
;;;;;;;;;;
;;;;;;;;;;
;;;;;;;;;;
;;;;;;;;;;
;;;;;;;;;;
;;;;;;;;;;
;;;;;;;;;;
;;;;;;;;;;
;;;;;;;;;;
;;;;;;;;;;
;;;;;;;;;;
;;;;;;;;;;
;;;;;;;;;;
;;;;;;;;;;
;;;;;;;;;;
;;;;;;;;;;
;;;;;;;;;;
;;;;;;;;;;
;;;;;;;;;;
;;;;;;;;;;
;;;;;;;;;;
;;;;;;;;;;
;;;;;;;;;;
;;;;;;;;;;
;;;;;;;;;;
;;;;;;;;;;
;;;;;;;;;;
;;;;;;;;;;
;;;;;;;;;;
;;;;;;;;;;
;;;;;;;;;;
;;;;;;;;;;
;;;;;;;;;;
;;;;;;;;;;
;;;;;;;;;;
;;;;;;;;;;
;;;;;;;;;;
;;;;;;;;;;
;;;;;;;;;;
;;;;;;;;;;
;;;;;;;;;;
;;;;;;;;;;
;;;;;;;;;;
;;;;;;;;;;
;;;;;;;;;;
;;;;;;;;;;
;;;;;;;;;;
;;;;;;;;;;
;;;;;;;;;;
;;;;;;;;;;
;;;;;;;;;;
;;;;;;;;;;
;;;;;;;;;;
;;;;;;;;;;
;;;;;;;;;;
;;;;;;;;;;
;;;;;;;;;;
;;;;;;;;;;
;;;;;;;;;;
;;;;;;;;;;
;;;;;;;;;;
;;;;;;;;;;
;;;;;;;;;;
;;;;;;;;;;
;;;;;;;;;;
;;;;;;;;;;
;;;;;;;;;;
;;;;;;;;;;
;;;;;;;;;;
;;;;;;;;;;
;;;;;;;;;;
;;;;;;;;;;
;;;;;;;;;;
;;;;;;;;;;
;;;;;;;;;;
;;;;;;;;;;
;;;;;;;;;;
;;;;;;;;;;
;;;;;;;;;;
;;;;;;;;;;
;;;;;;;;;;
;;;;;;;;;;
;;;;;;;;;;
;;;;;;;;;;
;;;;;;;;;;
;;;;;;;;;;
;;;;;;;;;;
;;;;;;;;;;
;;;;;;;;;;
;;;;;;;;;;
;;;;;;;;;;
;;;;;;;;;;
;;;;;;;;;;
;;;;;;;;;;
;;;;;;;;;;
;;;;;;;;;;
;;;;;;;;;;
;;;;;;;;;;
;;;;;;;;;;
;;;;;;;;;;
;;;;;;;;;;
;;;;;;;;;;
;;;;;;;;;;
;;;;;;;;;;
;;;;;;;;;;
;;;;;;;;;;
;;;;;;;;;;
;;;;;;;;;;
;;;;;;;;;;
;;;;;;;;;;
;;;;;;;;;;
;;;;;;;;;;
;;;;;;;;;;
;;;;;;;;;;
;;;;;;;;;;
;;;;;;;;;;
;;;;;;;;;;
;;;;;;;;;;
;;;;;;;;;;
;;;;;;;;;;
;;;;;;;;;;
;;;;;;;;;;
;;;;;;;;;;
;;;;;;;;;;
;;;;;;;;;;
;;;;;;;;;;
;;;;;;;;;;
;;;;;;;;;;
;;;;;;;;;;
;;;;;;;;;;
;;;;;;;;;;
;;;;;;;;;;
;;;;;;;;;;
;;;;;;;;;;
;;;;;;;;;;
;;;;;;;;;;
;;;;;;;;;;
;;;;;;;;;;
;;;;;;;;;;
;;;;;;;;;;
;;;;;;;;;;
;;;;;;;;;;
;;;;;;;;;;
;;;;;;;;;;
;;;;;;;;;;
;;;;;;;;;;
;;;;;;;;;;
;;;;;;;;;;
;;;;;;;;;;
;;;;;;;;;;
;;;;;;;;;;
;;;;;;;;;;
;;;;;;;;;;
;;;;;;;;;;
;;;;;;;;;;
;;;;;;;;;;
;;;;;;;;;;
;;;;;;;;;;
;;;;;;;;;;
;;;;;;;;;;
;;;;;;;;;;
;;;;;;;;;;
;;;;;;;;;;
;;;;;;;;;;
;;;;;;;;;;
;;;;;;;;;;
;;;;;;;;;;
;;;;;;;;;;
;;;;;;;;;;
;;;;;;;;;;
;;;;;;;;;;
;;;;;;;;;;
;;;;;;;;;;
;;;;;;;;;;
;;;;;;;;;;
;;;;;;;;;;
;;;;;;;;;;
;;;;;;;;;;
;;;;;;;;;;
;;;;;;;;;;
;;;;;;;;;;
;;;;;;;;;;
;;;;;;;;;;
;;;;;;;;;;
;;;;;;;;;;
;;;;;;;;;;
;;;;;;;;;;
;;;;;;;;;;
;;;;;;;;;;
;;;;;;;;;;
;;;;;;;;;;
;;;;;;;;;;
;;;;;;;;;;
;;;;;;;;;;
;;;;;;;;;;
;;;;;;;;;;
;;;;;;;;;;
;;;;;;;;;;
;;;;;;;;;;
;;;;;;;;;;
;;;;;;;;;;
;;;;;;;;;;
;;;;;;;;;;
;;;;;;;;;;
;;;;;;;;;;